country,date,acum_confirmed,acum_deaths,acum_recovered
Afghanistan,2020-01-22,0,0,0
Afghanistan,2020-01-23,0,0,0
Afghanistan,2020-01-24,0,0,0
Afghanistan,2020-01-25,0,0,0
Afghanistan,2020-01-26,0,0,0
Afghanistan,2020-01-27,0,0,0
Afghanistan,2020-01-28,0,0,0
Afghanistan,2020-01-29,0,0,0
Afghanistan,2020-01-30,0,0,0
Afghanistan,2020-01-31,0,0,0
Afghanistan,2020-02-01,0,0,0
Afghanistan,2020-02-02,0,0,0
Afghanistan,2020-02-03,0,0,0
Afghanistan,2020-02-04,0,0,0
Afghanistan,2020-02-05,0,0,0
Afghanistan,2020-02-06,0,0,0
Afghanistan,2020-02-07,0,0,0
Afghanistan,2020-02-08,0,0,0
Afghanistan,2020-02-09,0,0,0
Afghanistan,2020-02-10,0,0,0
Afghanistan,2020-02-11,0,0,0
Afghanistan,2020-02-12,0,0,0
Afghanistan,2020-02-13,0,0,0
Afghanistan,2020-02-14,0,0,0
Afghanistan,2020-02-15,0,0,0
Afghanistan,2020-02-16,0,0,0
Afghanistan,2020-02-17,0,0,0
Afghanistan,2020-02-18,0,0,0
Afghanistan,2020-02-19,0,0,0
Afghanistan,2020-02-20,0,0,0
Afghanistan,2020-02-21,0,0,0
Afghanistan,2020-02-22,0,0,0
Afghanistan,2020-02-23,0,0,0
Afghanistan,2020-02-24,1,0,0
Afghanistan,2020-02-25,2,0,0
Afghanistan,2020-02-26,2,0,0
Afghanistan,2020-02-27,2,0,0
Afghanistan,2020-02-28,2,0,0
Afghanistan,2020-02-29,2,0,0
Algeria,2020-01-22,0,0,0
Algeria,2020-01-23,0,0,0
Algeria,2020-01-24,0,0,0
Algeria,2020-01-25,0,0,0
Algeria,2020-01-26,0,0,0
Algeria,2020-01-27,0,0,0
Algeria,2020-01-28,0,0,0
Algeria,2020-01-29,0,0,0
Algeria,2020-01-30,0,0,0
Algeria,2020-01-31,0,0,0
Algeria,2020-02-01,0,0,0
Algeria,2020-02-02,0,0,0
Algeria,2020-02-03,0,0,0
Algeria,2020-02-04,0,0,0
Algeria,2020-02-05,0,0,0
Algeria,2020-02-06,0,0,0
Algeria,2020-02-07,0,0,0
Algeria,2020-02-08,0,0,0
Algeria,2020-02-09,0,0,0
Algeria,2020-02-10,0,0,0
Algeria,2020-02-11,0,0,0
Algeria,2020-02-12,0,0,0
Algeria,2020-02-13,0,0,0
Algeria,2020-02-14,0,0,0
Algeria,2020-02-15,0,0,0
Algeria,2020-02-16,0,0,0
Algeria,2020-02-17,0,0,0
Algeria,2020-02-18,0,0,0
Algeria,2020-02-19,0,0,0
Algeria,2020-02-20,0,0,0
Algeria,2020-02-21,0,0,0
Algeria,2020-02-22,0,0,0
Algeria,2020-02-23,0,0,0
Algeria,2020-02-24,0,0,0
Algeria,2020-02-25,1,0,0
Algeria,2020-02-26,2,0,0
Algeria,2020-02-27,2,0,0
Algeria,2020-02-28,2,0,0
Algeria,2020-02-29,2,0,0
Australia,2020-01-22,0,0,0
Australia,2020-01-23,0,0,0
Australia,2020-01-24,0,0,0
Australia,2020-01-25,0,0,0
Australia,2020-01-26,4,0,0
Australia,2020-01-27,9,0,0
Australia,2020-01-28,10,0,0
Australia,2020-01-29,11,0,0
Australia,2020-01-30,15,0,2
Australia,2020-01-31,18,0,4
Australia,2020-02-01,21,0,4
Australia,2020-02-02,24,0,4
Australia,2020-02-03,24,0,4
Australia,2020-02-04,25,0,4
Australia,2020-02-05,26,0,4
Australia,2020-02-06,27,0,4
Australia,2020-02-07,29,0,4
Australia,2020-02-08,30,0,4
Australia,2020-02-09,30,0,4
Australia,2020-02-10,30,0,4
Australia,2020-02-11,30,0,4
Australia,2020-02-12,30,0,4
Australia,2020-02-13,30,0,10
Australia,2020-02-14,30,0,16
Australia,2020-02-15,30,0,16
Australia,2020-02-16,30,0,16
Australia,2020-02-17,30,0,18
Australia,2020-02-18,30,0,20
Australia,2020-02-19,30,0,20
Australia,2020-02-20,30,0,20
Australia,2020-02-21,34,0,21
Australia,2020-02-22,41,0,22
Australia,2020-02-23,44,0,22
Australia,2020-02-24,44,0,22
Australia,2020-02-25,44,0,22
Australia,2020-02-26,44,0,22
Australia,2020-02-27,45,0,22
Australia,2020-02-28,46,0,22
Australia,2020-02-29,48,0,22
Austria,2020-01-22,0,0,0
Austria,2020-01-23,0,0,0
Austria,2020-01-24,0,0,0
Austria,2020-01-25,0,0,0
Austria,2020-01-26,0,0,0
Austria,2020-01-27,0,0,0
Austria,2020-01-28,0,0,0
Austria,2020-01-29,0,0,0
Austria,2020-01-30,0,0,0
Austria,2020-01-31,0,0,0
Austria,2020-02-01,0,0,0
Austria,2020-02-02,0,0,0
Austria,2020-02-03,0,0,0
Austria,2020-02-04,0,0,0
Austria,2020-02-05,0,0,0
Austria,2020-02-06,0,0,0
Austria,2020-02-07,0,0,0
Austria,2020-02-08,0,0,0
Austria,2020-02-09,0,0,0
Austria,2020-02-10,0,0,0
Austria,2020-02-11,0,0,0
Austria,2020-02-12,0,0,0
Austria,2020-02-13,0,0,0
Austria,2020-02-14,0,0,0
Austria,2020-02-15,0,0,0
Austria,2020-02-16,0,0,0
Austria,2020-02-17,0,0,0
Austria,2020-02-18,0,0,0
Austria,2020-02-19,0,0,0
Austria,2020-02-20,0,0,0
Austria,2020-02-21,0,0,0
Austria,2020-02-22,0,0,0
Austria,2020-02-23,0,0,0
Austria,2020-02-24,0,0,0
Austria,2020-02-25,2,0,0
Austria,2020-02-26,4,0,0
Austria,2020-02-27,5,0,0
Austria,2020-02-28,6,0,0
Austria,2020-02-29,12,0,0
Bahrain,2020-01-22,0,0,0
Bahrain,2020-01-23,0,0,0
Bahrain,2020-01-24,0,0,0
Bahrain,2020-01-25,0,0,0
Bahrain,2020-01-26,0,0,0
Bahrain,2020-01-27,0,0,0
Bahrain,2020-01-28,0,0,0
Bahrain,2020-01-29,0,0,0
Bahrain,2020-01-30,0,0,0
Bahrain,2020-01-31,0,0,0
Bahrain,2020-02-01,0,0,0
Bahrain,2020-02-02,0,0,0
Bahrain,2020-02-03,0,0,0
Bahrain,2020-02-04,0,0,0
Bahrain,2020-02-05,0,0,0
Bahrain,2020-02-06,0,0,0
Bahrain,2020-02-07,0,0,0
Bahrain,2020-02-08,0,0,0
Bahrain,2020-02-09,0,0,0
Bahrain,2020-02-10,0,0,0
Bahrain,2020-02-11,0,0,0
Bahrain,2020-02-12,0,0,0
Bahrain,2020-02-13,0,0,0
Bahrain,2020-02-14,0,0,0
Bahrain,2020-02-15,0,0,0
Bahrain,2020-02-16,0,0,0
Bahrain,2020-02-17,0,0,0
Bahrain,2020-02-18,0,0,0
Bahrain,2020-02-19,0,0,0
Bahrain,2020-02-20,0,0,0
Bahrain,2020-02-21,0,0,0
Bahrain,2020-02-22,0,0,0
Bahrain,2020-02-23,0,0,0
Bahrain,2020-02-24,1,0,0
Bahrain,2020-02-25,24,0,0
Bahrain,2020-02-26,56,0,0
Bahrain,2020-02-27,66,0,0
Bahrain,2020-02-28,69,0,0
Bahrain,2020-02-29,77,0,0
Belarus,2020-01-22,0,0,0
Belarus,2020-01-23,0,0,0
Belarus,2020-01-24,0,0,0
Belarus,2020-01-25,0,0,0
Belarus,2020-01-26,0,0,0
Belarus,2020-01-27,0,0,0
Belarus,2020-01-28,0,0,0
Belarus,2020-01-29,0,0,0
Belarus,2020-01-30,0,0,0
Belarus,2020-01-31,0,0,0
Belarus,2020-02-01,0,0,0
Belarus,2020-02-02,0,0,0
Belarus,2020-02-03,0,0,0
Belarus,2020-02-04,0,0,0
Belarus,2020-02-05,0,0,0
Belarus,2020-02-06,0,0,0
Belarus,2020-02-07,0,0,0
Belarus,2020-02-08,0,0,0
Belarus,2020-02-09,0,0,0
Belarus,2020-02-10,0,0,0
Belarus,2020-02-11,0,0,0
Belarus,2020-02-12,0,0,0
Belarus,2020-02-13,0,0,0
Belarus,2020-02-14,0,0,0
Belarus,2020-02-15,0,0,0
Belarus,2020-02-16,0,0,0
Belarus,2020-02-17,0,0,0
Belarus,2020-02-18,0,0,0
Belarus,2020-02-19,0,0,0
Belarus,2020-02-20,0,0,0
Belarus,2020-02-21,0,0,0
Belarus,2020-02-22,0,0,0
Belarus,2020-02-23,0,0,0
Belarus,2020-02-24,0,0,0
Belarus,2020-02-25,0,0,0
Belarus,2020-02-26,0,0,0
Belarus,2020-02-27,0,0,0
Belarus,2020-02-28,1,0,0
Belarus,2020-02-29,2,0,0
Belgium,2020-01-22,0,0,0
Belgium,2020-01-23,0,0,0
Belgium,2020-01-24,0,0,0
Belgium,2020-01-25,0,0,0
Belgium,2020-01-26,0,0,0
Belgium,2020-01-27,0,0,0
Belgium,2020-01-28,0,0,0
Belgium,2020-01-29,0,0,0
Belgium,2020-01-30,0,0,0
Belgium,2020-01-31,0,0,0
Belgium,2020-02-01,0,0,0
Belgium,2020-02-02,0,0,0
Belgium,2020-02-03,0,0,0
Belgium,2020-02-04,1,0,0
Belgium,2020-02-05,2,0,0
Belgium,2020-02-06,2,0,0
Belgium,2020-02-07,2,0,0
Belgium,2020-02-08,2,0,0
Belgium,2020-02-09,2,0,0
Belgium,2020-02-10,2,0,0
Belgium,2020-02-11,2,0,0
Belgium,2020-02-12,2,0,0
Belgium,2020-02-13,2,0,0
Belgium,2020-02-14,2,0,0
Belgium,2020-02-15,2,0,0
Belgium,2020-02-16,2,0,0
Belgium,2020-02-17,2,0,1
Belgium,2020-02-18,2,0,2
Belgium,2020-02-19,2,0,2
Belgium,2020-02-20,2,0,2
Belgium,2020-02-21,2,0,2
Belgium,2020-02-22,2,0,2
Belgium,2020-02-23,2,0,2
Belgium,2020-02-24,2,0,2
Belgium,2020-02-25,2,0,2
Belgium,2020-02-26,2,0,2
Belgium,2020-02-27,2,0,2
Belgium,2020-02-28,2,0,2
Belgium,2020-02-29,2,0,2
Brazil,2020-01-22,0,0,0
Brazil,2020-01-23,0,0,0
Brazil,2020-01-24,0,0,0
Brazil,2020-01-25,0,0,0
Brazil,2020-01-26,0,0,0
Brazil,2020-01-27,0,0,0
Brazil,2020-01-28,0,0,0
Brazil,2020-01-29,0,0,0
Brazil,2020-01-30,0,0,0
Brazil,2020-01-31,0,0,0
Brazil,2020-02-01,0,0,0
Brazil,2020-02-02,0,0,0
Brazil,2020-02-03,0,0,0
Brazil,2020-02-04,0,0,0
Brazil,2020-02-05,0,0,0
Brazil,2020-02-06,0,0,0
Brazil,2020-02-07,0,0,0
Brazil,2020-02-08,0,0,0
Brazil,2020-02-09,0,0,0
Brazil,2020-02-10,0,0,0
Brazil,2020-02-11,0,0,0
Brazil,2020-02-12,0,0,0
Brazil,2020-02-13,0,0,0
Brazil,2020-02-14,0,0,0
Brazil,2020-02-15,0,0,0
Brazil,2020-02-16,0,0,0
Brazil,2020-02-17,0,0,0
Brazil,2020-02-18,0,0,0
Brazil,2020-02-19,0,0,0
Brazil,2020-02-20,0,0,0
Brazil,2020-02-21,0,0,0
Brazil,2020-02-22,0,0,0
Brazil,2020-02-23,0,0,0
Brazil,2020-02-24,0,0,0
Brazil,2020-02-25,0,0,0
Brazil,2020-02-26,1,0,0
Brazil,2020-02-27,2,0,0
Brazil,2020-02-28,2,0,0
Brazil,2020-02-29,3,0,0
Cambodia,2020-01-22,0,0,0
Cambodia,2020-01-23,0,0,0
Cambodia,2020-01-24,0,0,0
Cambodia,2020-01-25,0,0,0
Cambodia,2020-01-26,0,0,0
Cambodia,2020-01-27,1,0,0
Cambodia,2020-01-28,2,0,0
Cambodia,2020-01-29,2,0,0
Cambodia,2020-01-30,2,0,0
Cambodia,2020-01-31,2,0,0
Cambodia,2020-02-01,2,0,0
Cambodia,2020-02-02,2,0,0
Cambodia,2020-02-03,2,0,0
Cambodia,2020-02-04,2,0,0
Cambodia,2020-02-05,2,0,0
Cambodia,2020-02-06,2,0,0
Cambodia,2020-02-07,2,0,0
Cambodia,2020-02-08,2,0,0
Cambodia,2020-02-09,2,0,0
Cambodia,2020-02-10,2,0,0
Cambodia,2020-02-11,2,0,0
Cambodia,2020-02-12,2,0,1
Cambodia,2020-02-13,2,0,2
Cambodia,2020-02-14,2,0,2
Cambodia,2020-02-15,2,0,2
Cambodia,2020-02-16,2,0,2
Cambodia,2020-02-17,2,0,2
Cambodia,2020-02-18,2,0,2
Cambodia,2020-02-19,2,0,2
Cambodia,2020-02-20,2,0,2
Cambodia,2020-02-21,2,0,2
Cambodia,2020-02-22,2,0,2
Cambodia,2020-02-23,2,0,2
Cambodia,2020-02-24,2,0,2
Cambodia,2020-02-25,2,0,2
Cambodia,2020-02-26,2,0,2
Cambodia,2020-02-27,2,0,2
Cambodia,2020-02-28,2,0,2
Cambodia,2020-02-29,2,0,2
Canada,2020-01-22,0,0,0
Canada,2020-01-23,0,0,0
Canada,2020-01-24,0,0,0
Canada,2020-01-25,0,0,0
Canada,2020-01-26,1,0,0
Canada,2020-01-27,2,0,0
Canada,2020-01-28,3,0,0
Canada,2020-01-29,4,0,0
Canada,2020-01-30,4,0,0
Canada,2020-01-31,6,0,0
Canada,2020-02-01,8,0,0
Canada,2020-02-02,8,0,0
Canada,2020-02-03,8,0,0
Canada,2020-02-04,8,0,0
Canada,2020-02-05,9,0,0
Canada,2020-02-06,10,0,0
Canada,2020-02-07,12,0,0
Canada,2020-02-08,14,0,0
Canada,2020-02-09,14,0,0
Canada,2020-02-10,14,0,0
Canada,2020-02-11,14,0,0
Canada,2020-02-12,14,0,1
Canada,2020-02-13,14,0,2
Canada,2020-02-14,14,0,2
Canada,2020-02-15,14,0,2
Canada,2020-02-16,14,0,2
Canada,2020-02-17,15,0,2
Canada,2020-02-18,16,0,2
Canada,2020-02-19,16,0,2
Canada,2020-02-20,16,0,2
Canada,2020-02-21,17,0,4
Canada,2020-02-22,18,0,6
Canada,2020-02-23,18,0,6
Canada,2020-02-24,19,0,6
Canada,2020-02-25,21,0,6
Canada,2020-02-26,22,0,6
Canada,2020-02-27,24,0,9
Canada,2020-02-28,27,0,12
Canada,2020-02-29,34,0,12
Croatia,2020-01-22,0,0,0
Croatia,2020-01-23,0,0,0
Croatia,2020-01-24,0,0,0
Croatia,2020-01-25,0,0,0
Croatia,2020-01-26,0,0,0
Croatia,2020-01-27,0,0,0
Croatia,2020-01-28,0,0,0
Croatia,2020-01-29,0,0,0
Croatia,2020-01-30,0,0,0
Croatia,2020-01-31,0,0,0
Croatia,2020-02-01,0,0,0
Croatia,2020-02-02,0,0,0
Croatia,2020-02-03,0,0,0
Croatia,2020-02-04,0,0,0
Croatia,2020-02-05,0,0,0
Croatia,2020-02-06,0,0,0
Croatia,2020-02-07,0,0,0
Croatia,2020-02-08,0,0,0
Croatia,2020-02-09,0,0,0
Croatia,2020-02-10,0,0,0
Croatia,2020-02-11,0,0,0
Croatia,2020-02-12,0,0,0
Croatia,2020-02-13,0,0,0
Croatia,2020-02-14,0,0,0
Croatia,2020-02-15,0,0,0
Croatia,2020-02-16,0,0,0
Croatia,2020-02-17,0,0,0
Croatia,2020-02-18,0,0,0
Croatia,2020-02-19,0,0,0
Croatia,2020-02-20,0,0,0
Croatia,2020-02-21,0,0,0
Croatia,2020-02-22,0,0,0
Croatia,2020-02-23,0,0,0
Croatia,2020-02-24,0,0,0
Croatia,2020-02-25,1,0,0
Croatia,2020-02-26,4,0,0
Croatia,2020-02-27,6,0,0
Croatia,2020-02-28,8,0,0
Croatia,2020-02-29,11,0,0
Denmark,2020-01-22,0,0,0
Denmark,2020-01-23,0,0,0
Denmark,2020-01-24,0,0,0
Denmark,2020-01-25,0,0,0
Denmark,2020-01-26,0,0,0
Denmark,2020-01-27,0,0,0
Denmark,2020-01-28,0,0,0
Denmark,2020-01-29,0,0,0
Denmark,2020-01-30,0,0,0
Denmark,2020-01-31,0,0,0
Denmark,2020-02-01,0,0,0
Denmark,2020-02-02,0,0,0
Denmark,2020-02-03,0,0,0
Denmark,2020-02-04,0,0,0
Denmark,2020-02-05,0,0,0
Denmark,2020-02-06,0,0,0
Denmark,2020-02-07,0,0,0
Denmark,2020-02-08,0,0,0
Denmark,2020-02-09,0,0,0
Denmark,2020-02-10,0,0,0
Denmark,2020-02-11,0,0,0
Denmark,2020-02-12,0,0,0
Denmark,2020-02-13,0,0,0
Denmark,2020-02-14,0,0,0
Denmark,2020-02-15,0,0,0
Denmark,2020-02-16,0,0,0
Denmark,2020-02-17,0,0,0
Denmark,2020-02-18,0,0,0
Denmark,2020-02-19,0,0,0
Denmark,2020-02-20,0,0,0
Denmark,2020-02-21,0,0,0
Denmark,2020-02-22,0,0,0
Denmark,2020-02-23,0,0,0
Denmark,2020-02-24,0,0,0
Denmark,2020-02-25,0,0,0
Denmark,2020-02-26,0,0,0
Denmark,2020-02-27,1,0,0
Denmark,2020-02-28,2,0,0
Denmark,2020-02-29,4,0,0
Egypt,2020-01-22,0,0,0
Egypt,2020-01-23,0,0,0
Egypt,2020-01-24,0,0,0
Egypt,2020-01-25,0,0,0
Egypt,2020-01-26,0,0,0
Egypt,2020-01-27,0,0,0
Egypt,2020-01-28,0,0,0
Egypt,2020-01-29,0,0,0
Egypt,2020-01-30,0,0,0
Egypt,2020-01-31,0,0,0
Egypt,2020-02-01,0,0,0
Egypt,2020-02-02,0,0,0
Egypt,2020-02-03,0,0,0
Egypt,2020-02-04,0,0,0
Egypt,2020-02-05,0,0,0
Egypt,2020-02-06,0,0,0
Egypt,2020-02-07,0,0,0
Egypt,2020-02-08,0,0,0
Egypt,2020-02-09,0,0,0
Egypt,2020-02-10,0,0,0
Egypt,2020-02-11,0,0,0
Egypt,2020-02-12,0,0,0
Egypt,2020-02-13,0,0,0
Egypt,2020-02-14,1,0,0
Egypt,2020-02-15,2,0,0
Egypt,2020-02-16,2,0,0
Egypt,2020-02-17,2,0,0
Egypt,2020-02-18,2,0,0
Egypt,2020-02-19,2,0,0
Egypt,2020-02-20,2,0,0
Egypt,2020-02-21,2,0,0
Egypt,2020-02-22,2,0,0
Egypt,2020-02-23,2,0,0
Egypt,2020-02-24,2,0,0
Egypt,2020-02-25,2,0,0
Egypt,2020-02-26,2,0,0
Egypt,2020-02-27,2,0,0
Egypt,2020-02-28,2,0,1
Egypt,2020-02-29,2,0,2
Estonia,2020-01-22,0,0,0
Estonia,2020-01-23,0,0,0
Estonia,2020-01-24,0,0,0
Estonia,2020-01-25,0,0,0
Estonia,2020-01-26,0,0,0
Estonia,2020-01-27,0,0,0
Estonia,2020-01-28,0,0,0
Estonia,2020-01-29,0,0,0
Estonia,2020-01-30,0,0,0
Estonia,2020-01-31,0,0,0
Estonia,2020-02-01,0,0,0
Estonia,2020-02-02,0,0,0
Estonia,2020-02-03,0,0,0
Estonia,2020-02-04,0,0,0
Estonia,2020-02-05,0,0,0
Estonia,2020-02-06,0,0,0
Estonia,2020-02-07,0,0,0
Estonia,2020-02-08,0,0,0
Estonia,2020-02-09,0,0,0
Estonia,2020-02-10,0,0,0
Estonia,2020-02-11,0,0,0
Estonia,2020-02-12,0,0,0
Estonia,2020-02-13,0,0,0
Estonia,2020-02-14,0,0,0
Estonia,2020-02-15,0,0,0
Estonia,2020-02-16,0,0,0
Estonia,2020-02-17,0,0,0
Estonia,2020-02-18,0,0,0
Estonia,2020-02-19,0,0,0
Estonia,2020-02-20,0,0,0
Estonia,2020-02-21,0,0,0
Estonia,2020-02-22,0,0,0
Estonia,2020-02-23,0,0,0
Estonia,2020-02-24,0,0,0
Estonia,2020-02-25,0,0,0
Estonia,2020-02-26,0,0,0
Estonia,2020-02-27,1,0,0
Estonia,2020-02-28,2,0,0
Estonia,2020-02-29,2,0,0
Finland,2020-01-22,0,0,0
Finland,2020-01-23,0,0,0
Finland,2020-01-24,0,0,0
Finland,2020-01-25,0,0,0
Finland,2020-01-26,0,0,0
Finland,2020-01-27,0,0,0
Finland,2020-01-28,0,0,0
Finland,2020-01-29,1,0,0
Finland,2020-01-30,2,0,0
Finland,2020-01-31,2,0,0
Finland,2020-02-01,2,0,0
Finland,2020-02-02,2,0,0
Finland,2020-02-03,2,0,0
Finland,2020-02-04,2,0,0
Finland,2020-02-05,2,0,0
Finland,2020-02-06,2,0,0
Finland,2020-02-07,2,0,0
Finland,2020-02-08,2,0,0
Finland,2020-02-09,2,0,0
Finland,2020-02-10,2,0,0
Finland,2020-02-11,2,0,0
Finland,2020-02-12,2,0,1
Finland,2020-02-13,2,0,2
Finland,2020-02-14,2,0,2
Finland,2020-02-15,2,0,2
Finland,2020-02-16,2,0,2
Finland,2020-02-17,2,0,2
Finland,2020-02-18,2,0,2
Finland,2020-02-19,2,0,2
Finland,2020-02-20,2,0,2
Finland,2020-02-21,2,0,2
Finland,2020-02-22,2,0,2
Finland,2020-02-23,2,0,2
Finland,2020-02-24,2,0,2
Finland,2020-02-25,2,0,2
Finland,2020-02-26,3,0,2
Finland,2020-02-27,4,0,2
Finland,2020-02-28,4,0,2
Finland,2020-02-29,5,0,2
France,2020-01-22,0,0,0
France,2020-01-23,0,0,0
France,2020-01-24,2,0,0
France,2020-01-25,5,0,0
France,2020-01-26,6,0,0
France,2020-01-27,6,0,0
France,2020-01-28,7,0,0
France,2020-01-29,9,0,0
France,2020-01-30,10,0,0
France,2020-01-31,10,0,0
France,2020-02-01,11,0,0
France,2020-02-02,12,0,0
France,2020-02-03,12,0,0
France,2020-02-04,12,0,0
France,2020-02-05,12,0,0
France,2020-02-06,12,0,0
France,2020-02-07,12,0,0
France,2020-02-08,17,0,0
France,2020-02-09,22,0,0
France,2020-02-10,22,0,0
France,2020-02-11,22,0,0
France,2020-02-12,22,0,2
France,2020-02-13,22,0,4
France,2020-02-14,22,0,4
France,2020-02-15,23,1,6
France,2020-02-16,24,2,8
France,2020-02-17,24,2,8
France,2020-02-18,24,2,8
France,2020-02-19,24,2,8
France,2020-02-20,24,2,8
France,2020-02-21,24,2,8
France,2020-02-22,24,2,8
France,2020-02-23,24,2,8
France,2020-02-24,24,2,8
France,2020-02-25,26,2,15
France,2020-02-26,32,3,22
France,2020-02-27,56,4,22
France,2020-02-28,95,4,22
France,2020-02-29,157,4,23
Georgia,2020-01-22,0,0,0
Georgia,2020-01-23,0,0,0
Georgia,2020-01-24,0,0,0
Georgia,2020-01-25,0,0,0
Georgia,2020-01-26,0,0,0
Georgia,2020-01-27,0,0,0
Georgia,2020-01-28,0,0,0
Georgia,2020-01-29,0,0,0
Georgia,2020-01-30,0,0,0
Georgia,2020-01-31,0,0,0
Georgia,2020-02-01,0,0,0
Georgia,2020-02-02,0,0,0
Georgia,2020-02-03,0,0,0
Georgia,2020-02-04,0,0,0
Georgia,2020-02-05,0,0,0
Georgia,2020-02-06,0,0,0
Georgia,2020-02-07,0,0,0
Georgia,2020-02-08,0,0,0
Georgia,2020-02-09,0,0,0
Georgia,2020-02-10,0,0,0
Georgia,2020-02-11,0,0,0
Georgia,2020-02-12,0,0,0
Georgia,2020-02-13,0,0,0
Georgia,2020-02-14,0,0,0
Georgia,2020-02-15,0,0,0
Georgia,2020-02-16,0,0,0
Georgia,2020-02-17,0,0,0
Georgia,2020-02-18,0,0,0
Georgia,2020-02-19,0,0,0
Georgia,2020-02-20,0,0,0
Georgia,2020-02-21,0,0,0
Georgia,2020-02-22,0,0,0
Georgia,2020-02-23,0,0,0
Georgia,2020-02-24,0,0,0
Georgia,2020-02-25,0,0,0
Georgia,2020-02-26,1,0,0
Georgia,2020-02-27,2,0,0
Georgia,2020-02-28,2,0,0
Georgia,2020-02-29,2,0,0
Germany,2020-01-22,0,0,0
Germany,2020-01-23,0,0,0
Germany,2020-01-24,0,0,0
Germany,2020-01-25,0,0,0
Germany,2020-01-26,0,0,0
Germany,2020-01-27,1,0,0
Germany,2020-01-28,5,0,0
Germany,2020-01-29,8,0,0
Germany,2020-01-30,8,0,0
Germany,2020-01-31,9,0,0
Germany,2020-02-01,13,0,0
Germany,2020-02-02,18,0,0
Germany,2020-02-03,22,0,0
Germany,2020-02-04,24,0,0
Germany,2020-02-05,24,0,0
Germany,2020-02-06,24,0,0
Germany,2020-02-07,25,0,0
Germany,2020-02-08,26,0,0
Germany,2020-02-09,27,0,0
Germany,2020-02-10,28,0,0
Germany,2020-02-11,30,0,0
Germany,2020-02-12,32,0,0
Germany,2020-02-13,32,0,1
Germany,2020-02-14,32,0,2
Germany,2020-02-15,32,0,2
Germany,2020-02-16,32,0,2
Germany,2020-02-17,32,0,2
Germany,2020-02-18,32,0,13
Germany,2020-02-19,32,0,24
Germany,2020-02-20,32,0,24
Germany,2020-02-21,32,0,26
Germany,2020-02-22,32,0,28
Germany,2020-02-23,32,0,28
Germany,2020-02-24,32,0,28
Germany,2020-02-25,33,0,28
Germany,2020-02-26,44,0,29
Germany,2020-02-27,73,0,31
Germany,2020-02-28,94,0,32
Germany,2020-02-29,127,0,32
Greece,2020-01-22,0,0,0
Greece,2020-01-23,0,0,0
Greece,2020-01-24,0,0,0
Greece,2020-01-25,0,0,0
Greece,2020-01-26,0,0,0
Greece,2020-01-27,0,0,0
Greece,2020-01-28,0,0,0
Greece,2020-01-29,0,0,0
Greece,2020-01-30,0,0,0
Greece,2020-01-31,0,0,0
Greece,2020-02-01,0,0,0
Greece,2020-02-02,0,0,0
Greece,2020-02-03,0,0,0
Greece,2020-02-04,0,0,0
Greece,2020-02-05,0,0,0
Greece,2020-02-06,0,0,0
Greece,2020-02-07,0,0,0
Greece,2020-02-08,0,0,0
Greece,2020-02-09,0,0,0
Greece,2020-02-10,0,0,0
Greece,2020-02-11,0,0,0
Greece,2020-02-12,0,0,0
Greece,2020-02-13,0,0,0
Greece,2020-02-14,0,0,0
Greece,2020-02-15,0,0,0
Greece,2020-02-16,0,0,0
Greece,2020-02-17,0,0,0
Greece,2020-02-18,0,0,0
Greece,2020-02-19,0,0,0
Greece,2020-02-20,0,0,0
Greece,2020-02-21,0,0,0
Greece,2020-02-22,0,0,0
Greece,2020-02-23,0,0,0
Greece,2020-02-24,0,0,0
Greece,2020-02-25,0,0,0
Greece,2020-02-26,1,0,0
Greece,2020-02-27,4,0,0
Greece,2020-02-28,7,0,0
Greece,2020-02-29,8,0,0
Hong Kong,2020-01-22,0,0,0
Hong Kong,2020-01-23,2,0,0
Hong Kong,2020-01-24,4,0,0
Hong Kong,2020-01-25,7,0,0
Hong Kong,2020-01-26,13,0,0
Hong Kong,2020-01-27,16,0,0
Hong Kong,2020-01-28,16,0,0
Hong Kong,2020-01-29,18,0,0
Hong Kong,2020-01-30,20,0,0
Hong Kong,2020-01-31,22,0,0
Hong Kong,2020-02-01,25,0,0
Hong Kong,2020-02-02,28,0,0
Hong Kong,2020-02-03,30,0,0
Hong Kong,2020-02-04,32,1,0
Hong Kong,2020-02-05,38,2,0
Hong Kong,2020-02-06,45,2,0
Hong Kong,2020-02-07,49,2,0
Hong Kong,2020-02-08,51,2,0
Hong Kong,2020-02-09,55,2,0
Hong Kong,2020-02-10,67,2,0
Hong Kong,2020-02-11,87,2,0
Hong Kong,2020-02-12,99,2,1
Hong Kong,2020-02-13,103,2,2
Hong Kong,2020-02-14,109,2,2
Hong Kong,2020-02-15,112,2,2
Hong Kong,2020-02-16,113,2,3
Hong Kong,2020-02-17,117,2,4
Hong Kong,2020-02-18,122,2,4
Hong Kong,2020-02-19,125,3,7
Hong Kong,2020-02-20,131,4,11
Hong Kong,2020-02-21,136,4,11
Hong Kong,2020-02-22,137,4,11
Hong Kong,2020-02-23,143,4,17
Hong Kong,2020-02-24,153,4,30
Hong Kong,2020-02-25,163,4,38
Hong Kong,2020-02-26,175,4,43
Hong Kong,2020-02-27,183,4,48
Hong Kong,2020-02-28,186,4,54
Hong Kong,2020-02-29,189,4,63
Iceland,2020-01-22,0,0,0
Iceland,2020-01-23,0,0,0
Iceland,2020-01-24,0,0,0
Iceland,2020-01-25,0,0,0
Iceland,2020-01-26,0,0,0
Iceland,2020-01-27,0,0,0
Iceland,2020-01-28,0,0,0
Iceland,2020-01-29,0,0,0
Iceland,2020-01-30,0,0,0
Iceland,2020-01-31,0,0,0
Iceland,2020-02-01,0,0,0
Iceland,2020-02-02,0,0,0
Iceland,2020-02-03,0,0,0
Iceland,2020-02-04,0,0,0
Iceland,2020-02-05,0,0,0
Iceland,2020-02-06,0,0,0
Iceland,2020-02-07,0,0,0
Iceland,2020-02-08,0,0,0
Iceland,2020-02-09,0,0,0
Iceland,2020-02-10,0,0,0
Iceland,2020-02-11,0,0,0
Iceland,2020-02-12,0,0,0
Iceland,2020-02-13,0,0,0
Iceland,2020-02-14,0,0,0
Iceland,2020-02-15,0,0,0
Iceland,2020-02-16,0,0,0
Iceland,2020-02-17,0,0,0
Iceland,2020-02-18,0,0,0
Iceland,2020-02-19,0,0,0
Iceland,2020-02-20,0,0,0
Iceland,2020-02-21,0,0,0
Iceland,2020-02-22,0,0,0
Iceland,2020-02-23,0,0,0
Iceland,2020-02-24,0,0,0
Iceland,2020-02-25,0,0,0
Iceland,2020-02-26,0,0,0
Iceland,2020-02-27,0,0,0
Iceland,2020-02-28,1,0,0
Iceland,2020-02-29,2,0,0
India,2020-01-22,0,0,0
India,2020-01-23,0,0,0
India,2020-01-24,0,0,0
India,2020-01-25,0,0,0
India,2020-01-26,0,0,0
India,2020-01-27,0,0,0
India,2020-01-28,0,0,0
India,2020-01-29,0,0,0
India,2020-01-30,1,0,0
India,2020-01-31,2,0,0
India,2020-02-01,2,0,0
India,2020-02-02,3,0,0
India,2020-02-03,5,0,0
India,2020-02-04,6,0,0
India,2020-02-05,6,0,0
India,2020-02-06,6,0,0
India,2020-02-07,6,0,0
India,2020-02-08,6,0,0
India,2020-02-09,6,0,0
India,2020-02-10,6,0,0
India,2020-02-11,6,0,0
India,2020-02-12,6,0,0
India,2020-02-13,6,0,0
India,2020-02-14,6,0,0
India,2020-02-15,6,0,0
India,2020-02-16,6,0,3
India,2020-02-17,6,0,6
India,2020-02-18,6,0,6
India,2020-02-19,6,0,6
India,2020-02-20,6,0,6
India,2020-02-21,6,0,6
India,2020-02-22,6,0,6
India,2020-02-23,6,0,6
India,2020-02-24,6,0,6
India,2020-02-25,6,0,6
India,2020-02-26,6,0,6
India,2020-02-27,6,0,6
India,2020-02-28,6,0,6
India,2020-02-29,6,0,6
Iran,2020-01-22,0,0,0
Iran,2020-01-23,0,0,0
Iran,2020-01-24,0,0,0
Iran,2020-01-25,0,0,0
Iran,2020-01-26,0,0,0
Iran,2020-01-27,0,0,0
Iran,2020-01-28,0,0,0
Iran,2020-01-29,0,0,0
Iran,2020-01-30,0,0,0
Iran,2020-01-31,0,0,0
Iran,2020-02-01,0,0,0
Iran,2020-02-02,0,0,0
Iran,2020-02-03,0,0,0
Iran,2020-02-04,0,0,0
Iran,2020-02-05,0,0,0
Iran,2020-02-06,0,0,0
Iran,2020-02-07,0,0,0
Iran,2020-02-08,0,0,0
Iran,2020-02-09,0,0,0
Iran,2020-02-10,0,0,0
Iran,2020-02-11,0,0,0
Iran,2020-02-12,0,0,0
Iran,2020-02-13,0,0,0
Iran,2020-02-14,0,0,0
Iran,2020-02-15,0,0,0
Iran,2020-02-16,0,0,0
Iran,2020-02-17,0,0,0
Iran,2020-02-18,0,0,0
Iran,2020-02-19,2,2,0
Iran,2020-02-20,7,4,0
Iran,2020-02-21,23,6,0
Iran,2020-02-22,46,9,0
Iran,2020-02-23,71,13,0
Iran,2020-02-24,104,20,0
Iran,2020-02-25,156,28,0
Iran,2020-02-26,234,35,49
Iran,2020-02-27,384,45,98
Iran,2020-02-28,633,60,122
Iran,2020-02-29,981,77,196
Iraq,2020-01-22,0,0,0
Iraq,2020-01-23,0,0,0
Iraq,2020-01-24,0,0,0
Iraq,2020-01-25,0,0,0
Iraq,2020-01-26,0,0,0
Iraq,2020-01-27,0,0,0
Iraq,2020-01-28,0,0,0
Iraq,2020-01-29,0,0,0
Iraq,2020-01-30,0,0,0
Iraq,2020-01-31,0,0,0
Iraq,2020-02-01,0,0,0
Iraq,2020-02-02,0,0,0
Iraq,2020-02-03,0,0,0
Iraq,2020-02-04,0,0,0
Iraq,2020-02-05,0,0,0
Iraq,2020-02-06,0,0,0
Iraq,2020-02-07,0,0,0
Iraq,2020-02-08,0,0,0
Iraq,2020-02-09,0,0,0
Iraq,2020-02-10,0,0,0
Iraq,2020-02-11,0,0,0
Iraq,2020-02-12,0,0,0
Iraq,2020-02-13,0,0,0
Iraq,2020-02-14,0,0,0
Iraq,2020-02-15,0,0,0
Iraq,2020-02-16,0,0,0
Iraq,2020-02-17,0,0,0
Iraq,2020-02-18,0,0,0
Iraq,2020-02-19,0,0,0
Iraq,2020-02-20,0,0,0
Iraq,2020-02-21,0,0,0
Iraq,2020-02-22,0,0,0
Iraq,2020-02-23,0,0,0
Iraq,2020-02-24,1,0,0
Iraq,2020-02-25,2,0,0
Iraq,2020-02-26,6,0,0
Iraq,2020-02-27,12,0,0
Iraq,2020-02-28,14,0,0
Iraq,2020-02-29,20,0,0
Ireland,2020-01-22,0,0,0
Ireland,2020-01-23,0,0,0
Ireland,2020-01-24,0,0,0
Ireland,2020-01-25,0,0,0
Ireland,2020-01-26,0,0,0
Ireland,2020-01-27,0,0,0
Ireland,2020-01-28,0,0,0
Ireland,2020-01-29,0,0,0
Ireland,2020-01-30,0,0,0
Ireland,2020-01-31,0,0,0
Ireland,2020-02-01,0,0,0
Ireland,2020-02-02,0,0,0
Ireland,2020-02-03,0,0,0
Ireland,2020-02-04,0,0,0
Ireland,2020-02-05,0,0,0
Ireland,2020-02-06,0,0,0
Ireland,2020-02-07,0,0,0
Ireland,2020-02-08,0,0,0
Ireland,2020-02-09,0,0,0
Ireland,2020-02-10,0,0,0
Ireland,2020-02-11,0,0,0
Ireland,2020-02-12,0,0,0
Ireland,2020-02-13,0,0,0
Ireland,2020-02-14,0,0,0
Ireland,2020-02-15,0,0,0
Ireland,2020-02-16,0,0,0
Ireland,2020-02-17,0,0,0
Ireland,2020-02-18,0,0,0
Ireland,2020-02-19,0,0,0
Ireland,2020-02-20,0,0,0
Ireland,2020-02-21,0,0,0
Ireland,2020-02-22,0,0,0
Ireland,2020-02-23,0,0,0
Ireland,2020-02-24,0,0,0
Ireland,2020-02-25,0,0,0
Ireland,2020-02-26,0,0,0
Ireland,2020-02-27,0,0,0
Ireland,2020-02-28,0,0,0
Ireland,2020-02-29,1,0,0
Israel,2020-01-22,0,0,0
Israel,2020-01-23,0,0,0
Israel,2020-01-24,0,0,0
Israel,2020-01-25,0,0,0
Israel,2020-01-26,0,0,0
Israel,2020-01-27,0,0,0
Israel,2020-01-28,0,0,0
Israel,2020-01-29,0,0,0
Israel,2020-01-30,0,0,0
Israel,2020-01-31,0,0,0
Israel,2020-02-01,0,0,0
Israel,2020-02-02,0,0,0
Israel,2020-02-03,0,0,0
Israel,2020-02-04,0,0,0
Israel,2020-02-05,0,0,0
Israel,2020-02-06,0,0,0
Israel,2020-02-07,0,0,0
Israel,2020-02-08,0,0,0
Israel,2020-02-09,0,0,0
Israel,2020-02-10,0,0,0
Israel,2020-02-11,0,0,0
Israel,2020-02-12,0,0,0
Israel,2020-02-13,0,0,0
Israel,2020-02-14,0,0,0
Israel,2020-02-15,0,0,0
Israel,2020-02-16,0,0,0
Israel,2020-02-17,0,0,0
Israel,2020-02-18,0,0,0
Israel,2020-02-19,0,0,0
Israel,2020-02-20,0,0,0
Israel,2020-02-21,1,0,0
Israel,2020-02-22,2,0,0
Israel,2020-02-23,2,0,0
Israel,2020-02-24,2,0,0
Israel,2020-02-25,2,0,0
Israel,2020-02-26,3,0,0
Israel,2020-02-27,5,0,1
Israel,2020-02-28,7,0,2
Israel,2020-02-29,11,0,2
Italy,2020-01-22,0,0,0
Italy,2020-01-23,0,0,0
Italy,2020-01-24,0,0,0
Italy,2020-01-25,0,0,0
Italy,2020-01-26,0,0,0
Italy,2020-01-27,0,0,0
Italy,2020-01-28,0,0,0
Italy,2020-01-29,0,0,0
Italy,2020-01-30,0,0,0
Italy,2020-01-31,2,0,0
Italy,2020-02-01,4,0,0
Italy,2020-02-02,4,0,0
Italy,2020-02-03,4,0,0
Italy,2020-02-04,4,0,0
Italy,2020-02-05,4,0,0
Italy,2020-02-06,4,0,0
Italy,2020-02-07,5,0,0
Italy,2020-02-08,6,0,0
Italy,2020-02-09,6,0,0
Italy,2020-02-10,6,0,0
Italy,2020-02-11,6,0,0
Italy,2020-02-12,6,0,0
Italy,2020-02-13,6,0,0
Italy,2020-02-14,6,0,0
Italy,2020-02-15,6,0,0
Italy,2020-02-16,6,0,0
Italy,2020-02-17,6,0,0
Italy,2020-02-18,6,0,0
Italy,2020-02-19,6,0,0
Italy,2020-02-20,6,0,0
Italy,2020-02-21,23,1,0
Italy,2020-02-22,82,3,1
Italy,2020-02-23,217,5,3
Italy,2020-02-24,384,10,3
Italy,2020-02-25,551,17,2
Italy,2020-02-26,775,22,4
Italy,2020-02-27,1108,29,48
Italy,2020-02-28,1543,38,91
Italy,2020-02-29,2016,50,92
Japan,2020-01-22,2,0,0
Japan,2020-01-23,3,0,0
Japan,2020-01-24,3,0,0
Japan,2020-01-25,4,0,0
Japan,2020-01-26,6,0,1
Japan,2020-01-27,8,0,2
Japan,2020-01-28,11,0,2
Japan,2020-01-29,14,0,2
Japan,2020-01-30,18,0,2
Japan,2020-01-31,26,0,2
Japan,2020-02-01,35,0,2
Japan,2020-02-02,40,0,2
Japan,2020-02-03,40,0,2
Japan,2020-02-04,42,0,2
Japan,2020-02-05,44,0,2
Japan,2020-02-06,67,0,2
Japan,2020-02-07,70,0,2
Japan,2020-02-08,50,0,2
Japan,2020-02-09,51,0,2
Japan,2020-02-10,52,0,5
Japan,2020-02-11,52,0,13
Japan,2020-02-12,54,0,18
Japan,2020-02-13,56,1,18
Japan,2020-02-14,57,2,18
Japan,2020-02-15,72,2,21
Japan,2020-02-16,102,2,24
Japan,2020-02-17,125,2,24
Japan,2020-02-18,140,2,25
Japan,2020-02-19,158,2,31
Japan,2020-02-20,178,2,36
Japan,2020-02-21,199,2,40
Japan,2020-02-22,227,2,44
Japan,2020-02-23,269,2,44
Japan,2020-02-24,306,2,44
Japan,2020-02-25,329,2,44
Japan,2020-02-26,359,3,44
Japan,2020-02-27,403,6,44
Japan,2020-02-28,442,8,44
Japan,2020-02-29,469,9,54
Kuwait,2020-01-22,0,0,0
Kuwait,2020-01-23,0,0,0
Kuwait,2020-01-24,0,0,0
Kuwait,2020-01-25,0,0,0
Kuwait,2020-01-26,0,0,0
Kuwait,2020-01-27,0,0,0
Kuwait,2020-01-28,0,0,0
Kuwait,2020-01-29,0,0,0
Kuwait,2020-01-30,0,0,0
Kuwait,2020-01-31,0,0,0
Kuwait,2020-02-01,0,0,0
Kuwait,2020-02-02,0,0,0
Kuwait,2020-02-03,0,0,0
Kuwait,2020-02-04,0,0,0
Kuwait,2020-02-05,0,0,0
Kuwait,2020-02-06,0,0,0
Kuwait,2020-02-07,0,0,0
Kuwait,2020-02-08,0,0,0
Kuwait,2020-02-09,0,0,0
Kuwait,2020-02-10,0,0,0
Kuwait,2020-02-11,0,0,0
Kuwait,2020-02-12,0,0,0
Kuwait,2020-02-13,0,0,0
Kuwait,2020-02-14,0,0,0
Kuwait,2020-02-15,0,0,0
Kuwait,2020-02-16,0,0,0
Kuwait,2020-02-17,0,0,0
Kuwait,2020-02-18,0,0,0
Kuwait,2020-02-19,0,0,0
Kuwait,2020-02-20,0,0,0
Kuwait,2020-02-21,0,0,0
Kuwait,2020-02-22,0,0,0
Kuwait,2020-02-23,0,0,0
Kuwait,2020-02-24,1,0,0
Kuwait,2020-02-25,12,0,0
Kuwait,2020-02-26,37,0,0
Kuwait,2020-02-27,69,0,0
Kuwait,2020-02-28,88,0,0
Kuwait,2020-02-29,90,0,0
Lebanon,2020-01-22,0,0,0
Lebanon,2020-01-23,0,0,0
Lebanon,2020-01-24,0,0,0
Lebanon,2020-01-25,0,0,0
Lebanon,2020-01-26,0,0,0
Lebanon,2020-01-27,0,0,0
Lebanon,2020-01-28,0,0,0
Lebanon,2020-01-29,0,0,0
Lebanon,2020-01-30,0,0,0
Lebanon,2020-01-31,0,0,0
Lebanon,2020-02-01,0,0,0
Lebanon,2020-02-02,0,0,0
Lebanon,2020-02-03,0,0,0
Lebanon,2020-02-04,0,0,0
Lebanon,2020-02-05,0,0,0
Lebanon,2020-02-06,0,0,0
Lebanon,2020-02-07,0,0,0
Lebanon,2020-02-08,0,0,0
Lebanon,2020-02-09,0,0,0
Lebanon,2020-02-10,0,0,0
Lebanon,2020-02-11,0,0,0
Lebanon,2020-02-12,0,0,0
Lebanon,2020-02-13,0,0,0
Lebanon,2020-02-14,0,0,0
Lebanon,2020-02-15,0,0,0
Lebanon,2020-02-16,0,0,0
Lebanon,2020-02-17,0,0,0
Lebanon,2020-02-18,0,0,0
Lebanon,2020-02-19,0,0,0
Lebanon,2020-02-20,0,0,0
Lebanon,2020-02-21,1,0,0
Lebanon,2020-02-22,2,0,0
Lebanon,2020-02-23,2,0,0
Lebanon,2020-02-24,2,0,0
Lebanon,2020-02-25,2,0,0
Lebanon,2020-02-26,3,0,0
Lebanon,2020-02-27,4,0,0
Lebanon,2020-02-28,4,0,0
Lebanon,2020-02-29,6,0,0
Lithuania,2020-01-22,0,0,0
Lithuania,2020-01-23,0,0,0
Lithuania,2020-01-24,0,0,0
Lithuania,2020-01-25,0,0,0
Lithuania,2020-01-26,0,0,0
Lithuania,2020-01-27,0,0,0
Lithuania,2020-01-28,0,0,0
Lithuania,2020-01-29,0,0,0
Lithuania,2020-01-30,0,0,0
Lithuania,2020-01-31,0,0,0
Lithuania,2020-02-01,0,0,0
Lithuania,2020-02-02,0,0,0
Lithuania,2020-02-03,0,0,0
Lithuania,2020-02-04,0,0,0
Lithuania,2020-02-05,0,0,0
Lithuania,2020-02-06,0,0,0
Lithuania,2020-02-07,0,0,0
Lithuania,2020-02-08,0,0,0
Lithuania,2020-02-09,0,0,0
Lithuania,2020-02-10,0,0,0
Lithuania,2020-02-11,0,0,0
Lithuania,2020-02-12,0,0,0
Lithuania,2020-02-13,0,0,0
Lithuania,2020-02-14,0,0,0
Lithuania,2020-02-15,0,0,0
Lithuania,2020-02-16,0,0,0
Lithuania,2020-02-17,0,0,0
Lithuania,2020-02-18,0,0,0
Lithuania,2020-02-19,0,0,0
Lithuania,2020-02-20,0,0,0
Lithuania,2020-02-21,0,0,0
Lithuania,2020-02-22,0,0,0
Lithuania,2020-02-23,0,0,0
Lithuania,2020-02-24,0,0,0
Lithuania,2020-02-25,0,0,0
Lithuania,2020-02-26,0,0,0
Lithuania,2020-02-27,0,0,0
Lithuania,2020-02-28,1,0,0
Lithuania,2020-02-29,2,0,0
Luxembourg,2020-01-22,0,0,0
Luxembourg,2020-01-23,0,0,0
Luxembourg,2020-01-24,0,0,0
Luxembourg,2020-01-25,0,0,0
Luxembourg,2020-01-26,0,0,0
Luxembourg,2020-01-27,0,0,0
Luxembourg,2020-01-28,0,0,0
Luxembourg,2020-01-29,0,0,0
Luxembourg,2020-01-30,0,0,0
Luxembourg,2020-01-31,0,0,0
Luxembourg,2020-02-01,0,0,0
Luxembourg,2020-02-02,0,0,0
Luxembourg,2020-02-03,0,0,0
Luxembourg,2020-02-04,0,0,0
Luxembourg,2020-02-05,0,0,0
Luxembourg,2020-02-06,0,0,0
Luxembourg,2020-02-07,0,0,0
Luxembourg,2020-02-08,0,0,0
Luxembourg,2020-02-09,0,0,0
Luxembourg,2020-02-10,0,0,0
Luxembourg,2020-02-11,0,0,0
Luxembourg,2020-02-12,0,0,0
Luxembourg,2020-02-13,0,0,0
Luxembourg,2020-02-14,0,0,0
Luxembourg,2020-02-15,0,0,0
Luxembourg,2020-02-16,0,0,0
Luxembourg,2020-02-17,0,0,0
Luxembourg,2020-02-18,0,0,0
Luxembourg,2020-02-19,0,0,0
Luxembourg,2020-02-20,0,0,0
Luxembourg,2020-02-21,0,0,0
Luxembourg,2020-02-22,0,0,0
Luxembourg,2020-02-23,0,0,0
Luxembourg,2020-02-24,0,0,0
Luxembourg,2020-02-25,0,0,0
Luxembourg,2020-02-26,0,0,0
Luxembourg,2020-02-27,0,0,0
Luxembourg,2020-02-28,0,0,0
Luxembourg,2020-02-29,1,0,0
Macau,2020-01-22,1,0,0
Macau,2020-01-23,3,0,0
Macau,2020-01-24,4,0,0
Macau,2020-01-25,4,0,0
Macau,2020-01-26,7,0,0
Macau,2020-01-27,11,0,0
Macau,2020-01-28,13,0,0
Macau,2020-01-29,14,0,0
Macau,2020-01-30,14,0,0
Macau,2020-01-31,14,0,0
Macau,2020-02-01,14,0,0
Macau,2020-02-02,15,0,0
Macau,2020-02-03,16,0,0
Macau,2020-02-04,18,0,0
Macau,2020-02-05,20,0,0
Macau,2020-02-06,20,0,1
Macau,2020-02-07,20,0,2
Macau,2020-02-08,20,0,2
Macau,2020-02-09,20,0,2
Macau,2020-02-10,20,0,2
Macau,2020-02-11,20,0,2
Macau,2020-02-12,20,0,3
Macau,2020-02-13,20,0,5
Macau,2020-02-14,20,0,6
Macau,2020-02-15,20,0,6
Macau,2020-02-16,20,0,8
Macau,2020-02-17,20,0,10
Macau,2020-02-18,20,0,10
Macau,2020-02-19,20,0,10
Macau,2020-02-20,20,0,11
Macau,2020-02-21,20,0,12
Macau,2020-02-22,20,0,12
Macau,2020-02-23,20,0,12
Macau,2020-02-24,20,0,12
Macau,2020-02-25,20,0,13
Macau,2020-02-26,20,0,14
Macau,2020-02-27,20,0,15
Macau,2020-02-28,20,0,16
Macau,2020-02-29,20,0,16
Mainland China,2020-01-22,547,17,28
Mainland China,2020-01-23,1186,35,58
Mainland China,2020-01-24,1555,44,66
Mainland China,2020-01-25,2315,68,75
Mainland China,2020-01-26,3461,98,88
Mainland China,2020-01-27,4925,138,107
Mainland China,2020-01-28,8357,213,159
Mainland China,2020-01-29,11564,264,221
Mainland China,2020-01-30,14194,304,255
Mainland China,2020-01-31,17907,384,349
Mainland China,2020-02-01,21654,472,489
Mainland China,2020-02-02,28478,620,738
Mainland China,2020-02-03,36300,786,1077
Mainland China,2020-02-04,43373,915,1457
Mainland China,2020-02-05,51089,1052,1958
Mainland China,2020-02-06,57962,1194,2591
Mainland China,2020-02-07,64628,1349,3474
Mainland China,2020-02-08,70853,1521,4593
Mainland China,2020-02-09,76568,1708,5813
Mainland China,2020-02-10,82096,1915,7135
Mainland China,2020-02-11,86633,2122,8552
Mainland China,2020-02-12,89026,2227,9714
Mainland China,2020-02-13,104531,2484,11292
Mainland China,2020-02-14,126124,2888,14186
Mainland China,2020-02-15,134639,3182,17267
Mainland China,2020-02-16,138793,3427,20042
Mainland China,2020-02-17,142810,3628,23203
Mainland China,2020-02-18,146503,3865,26654
Mainland China,2020-02-19,148685,4116,30151
Mainland China,2020-02-20,149545,4350,33954
Mainland China,2020-02-21,150471,4472,36695
Mainland China,2020-02-22,152394,4677,41380
Mainland China,2020-02-23,153860,4884,45857
Mainland China,2020-02-24,154090,5036,48160
Mainland China,2020-02-25,154812,5256,52640
Mainland China,2020-02-26,155725,5378,57703
Mainland China,2020-02-27,156563,5459,62951
Mainland China,2020-02-28,157322,5532,69189
Mainland China,2020-02-29,158075,5623,75570
Malaysia,2020-01-22,0,0,0
Malaysia,2020-01-23,0,0,0
Malaysia,2020-01-24,0,0,0
Malaysia,2020-01-25,3,0,0
Malaysia,2020-01-26,7,0,0
Malaysia,2020-01-27,8,0,0
Malaysia,2020-01-28,8,0,0
Malaysia,2020-01-29,11,0,0
Malaysia,2020-01-30,15,0,0
Malaysia,2020-01-31,16,0,0
Malaysia,2020-02-01,16,0,0
Malaysia,2020-02-02,16,0,0
Malaysia,2020-02-03,16,0,0
Malaysia,2020-02-04,18,0,0
Malaysia,2020-02-05,22,0,0
Malaysia,2020-02-06,24,0,0
Malaysia,2020-02-07,24,0,1
Malaysia,2020-02-08,28,0,2
Malaysia,2020-02-09,32,0,2
Malaysia,2020-02-10,34,0,2
Malaysia,2020-02-11,36,0,4
Malaysia,2020-02-12,36,0,6
Malaysia,2020-02-13,37,0,6
Malaysia,2020-02-14,38,0,6
Malaysia,2020-02-15,41,0,10
Malaysia,2020-02-16,44,0,14
Malaysia,2020-02-17,44,0,14
Malaysia,2020-02-18,44,0,20
Malaysia,2020-02-19,44,0,28
Malaysia,2020-02-20,44,0,30
Malaysia,2020-02-21,44,0,30
Malaysia,2020-02-22,44,0,30
Malaysia,2020-02-23,44,0,30
Malaysia,2020-02-24,44,0,33
Malaysia,2020-02-25,44,0,36
Malaysia,2020-02-26,44,0,36
Malaysia,2020-02-27,45,0,36
Malaysia,2020-02-28,46,0,36
Malaysia,2020-02-29,48,0,36
Mexico,2020-01-22,0,0,0
Mexico,2020-01-23,0,0,0
Mexico,2020-01-24,0,0,0
Mexico,2020-01-25,0,0,0
Mexico,2020-01-26,0,0,0
Mexico,2020-01-27,0,0,0
Mexico,2020-01-28,0,0,0
Mexico,2020-01-29,0,0,0
Mexico,2020-01-30,0,0,0
Mexico,2020-01-31,0,0,0
Mexico,2020-02-01,0,0,0
Mexico,2020-02-02,0,0,0
Mexico,2020-02-03,0,0,0
Mexico,2020-02-04,0,0,0
Mexico,2020-02-05,0,0,0
Mexico,2020-02-06,0,0,0
Mexico,2020-02-07,0,0,0
Mexico,2020-02-08,0,0,0
Mexico,2020-02-09,0,0,0
Mexico,2020-02-10,0,0,0
Mexico,2020-02-11,0,0,0
Mexico,2020-02-12,0,0,0
Mexico,2020-02-13,0,0,0
Mexico,2020-02-14,0,0,0
Mexico,2020-02-15,0,0,0
Mexico,2020-02-16,0,0,0
Mexico,2020-02-17,0,0,0
Mexico,2020-02-18,0,0,0
Mexico,2020-02-19,0,0,0
Mexico,2020-02-20,0,0,0
Mexico,2020-02-21,0,0,0
Mexico,2020-02-22,0,0,0
Mexico,2020-02-23,0,0,0
Mexico,2020-02-24,0,0,0
Mexico,2020-02-25,0,0,0
Mexico,2020-02-26,0,0,0
Mexico,2020-02-27,0,0,0
Mexico,2020-02-28,1,0,0
Mexico,2020-02-29,5,0,0
Monaco,2020-01-22,0,0,0
Monaco,2020-01-23,0,0,0
Monaco,2020-01-24,0,0,0
Monaco,2020-01-25,0,0,0
Monaco,2020-01-26,0,0,0
Monaco,2020-01-27,0,0,0
Monaco,2020-01-28,0,0,0
Monaco,2020-01-29,0,0,0
Monaco,2020-01-30,0,0,0
Monaco,2020-01-31,0,0,0
Monaco,2020-02-01,0,0,0
Monaco,2020-02-02,0,0,0
Monaco,2020-02-03,0,0,0
Monaco,2020-02-04,0,0,0
Monaco,2020-02-05,0,0,0
Monaco,2020-02-06,0,0,0
Monaco,2020-02-07,0,0,0
Monaco,2020-02-08,0,0,0
Monaco,2020-02-09,0,0,0
Monaco,2020-02-10,0,0,0
Monaco,2020-02-11,0,0,0
Monaco,2020-02-12,0,0,0
Monaco,2020-02-13,0,0,0
Monaco,2020-02-14,0,0,0
Monaco,2020-02-15,0,0,0
Monaco,2020-02-16,0,0,0
Monaco,2020-02-17,0,0,0
Monaco,2020-02-18,0,0,0
Monaco,2020-02-19,0,0,0
Monaco,2020-02-20,0,0,0
Monaco,2020-02-21,0,0,0
Monaco,2020-02-22,0,0,0
Monaco,2020-02-23,0,0,0
Monaco,2020-02-24,0,0,0
Monaco,2020-02-25,0,0,0
Monaco,2020-02-26,0,0,0
Monaco,2020-02-27,0,0,0
Monaco,2020-02-28,0,0,0
Monaco,2020-02-29,1,0,0
Nepal,2020-01-22,0,0,0
Nepal,2020-01-23,0,0,0
Nepal,2020-01-24,0,0,0
Nepal,2020-01-25,1,0,0
Nepal,2020-01-26,2,0,0
Nepal,2020-01-27,2,0,0
Nepal,2020-01-28,2,0,0
Nepal,2020-01-29,2,0,0
Nepal,2020-01-30,2,0,0
Nepal,2020-01-31,2,0,0
Nepal,2020-02-01,2,0,0
Nepal,2020-02-02,2,0,0
Nepal,2020-02-03,2,0,0
Nepal,2020-02-04,2,0,0
Nepal,2020-02-05,2,0,0
Nepal,2020-02-06,2,0,0
Nepal,2020-02-07,2,0,0
Nepal,2020-02-08,2,0,0
Nepal,2020-02-09,2,0,0
Nepal,2020-02-10,2,0,0
Nepal,2020-02-11,2,0,0
Nepal,2020-02-12,2,0,1
Nepal,2020-02-13,2,0,2
Nepal,2020-02-14,2,0,2
Nepal,2020-02-15,2,0,2
Nepal,2020-02-16,2,0,2
Nepal,2020-02-17,2,0,2
Nepal,2020-02-18,2,0,2
Nepal,2020-02-19,2,0,2
Nepal,2020-02-20,2,0,2
Nepal,2020-02-21,2,0,2
Nepal,2020-02-22,2,0,2
Nepal,2020-02-23,2,0,2
Nepal,2020-02-24,2,0,2
Nepal,2020-02-25,2,0,2
Nepal,2020-02-26,2,0,2
Nepal,2020-02-27,2,0,2
Nepal,2020-02-28,2,0,2
Nepal,2020-02-29,2,0,2
Netherlands,2020-01-22,0,0,0
Netherlands,2020-01-23,0,0,0
Netherlands,2020-01-24,0,0,0
Netherlands,2020-01-25,0,0,0
Netherlands,2020-01-26,0,0,0
Netherlands,2020-01-27,0,0,0
Netherlands,2020-01-28,0,0,0
Netherlands,2020-01-29,0,0,0
Netherlands,2020-01-30,0,0,0
Netherlands,2020-01-31,0,0,0
Netherlands,2020-02-01,0,0,0
Netherlands,2020-02-02,0,0,0
Netherlands,2020-02-03,0,0,0
Netherlands,2020-02-04,0,0,0
Netherlands,2020-02-05,0,0,0
Netherlands,2020-02-06,0,0,0
Netherlands,2020-02-07,0,0,0
Netherlands,2020-02-08,0,0,0
Netherlands,2020-02-09,0,0,0
Netherlands,2020-02-10,0,0,0
Netherlands,2020-02-11,0,0,0
Netherlands,2020-02-12,0,0,0
Netherlands,2020-02-13,0,0,0
Netherlands,2020-02-14,0,0,0
Netherlands,2020-02-15,0,0,0
Netherlands,2020-02-16,0,0,0
Netherlands,2020-02-17,0,0,0
Netherlands,2020-02-18,0,0,0
Netherlands,2020-02-19,0,0,0
Netherlands,2020-02-20,0,0,0
Netherlands,2020-02-21,0,0,0
Netherlands,2020-02-22,0,0,0
Netherlands,2020-02-23,0,0,0
Netherlands,2020-02-24,0,0,0
Netherlands,2020-02-25,0,0,0
Netherlands,2020-02-26,0,0,0
Netherlands,2020-02-27,1,0,0
Netherlands,2020-02-28,2,0,0
Netherlands,2020-02-29,7,0,0
New Zealand,2020-01-22,0,0,0
New Zealand,2020-01-23,0,0,0
New Zealand,2020-01-24,0,0,0
New Zealand,2020-01-25,0,0,0
New Zealand,2020-01-26,0,0,0
New Zealand,2020-01-27,0,0,0
New Zealand,2020-01-28,0,0,0
New Zealand,2020-01-29,0,0,0
New Zealand,2020-01-30,0,0,0
New Zealand,2020-01-31,0,0,0
New Zealand,2020-02-01,0,0,0
New Zealand,2020-02-02,0,0,0
New Zealand,2020-02-03,0,0,0
New Zealand,2020-02-04,0,0,0
New Zealand,2020-02-05,0,0,0
New Zealand,2020-02-06,0,0,0
New Zealand,2020-02-07,0,0,0
New Zealand,2020-02-08,0,0,0
New Zealand,2020-02-09,0,0,0
New Zealand,2020-02-10,0,0,0
New Zealand,2020-02-11,0,0,0
New Zealand,2020-02-12,0,0,0
New Zealand,2020-02-13,0,0,0
New Zealand,2020-02-14,0,0,0
New Zealand,2020-02-15,0,0,0
New Zealand,2020-02-16,0,0,0
New Zealand,2020-02-17,0,0,0
New Zealand,2020-02-18,0,0,0
New Zealand,2020-02-19,0,0,0
New Zealand,2020-02-20,0,0,0
New Zealand,2020-02-21,0,0,0
New Zealand,2020-02-22,0,0,0
New Zealand,2020-02-23,0,0,0
New Zealand,2020-02-24,0,0,0
New Zealand,2020-02-25,0,0,0
New Zealand,2020-02-26,0,0,0
New Zealand,2020-02-27,0,0,0
New Zealand,2020-02-28,1,0,0
New Zealand,2020-02-29,2,0,0
Nigeria,2020-01-22,0,0,0
Nigeria,2020-01-23,0,0,0
Nigeria,2020-01-24,0,0,0
Nigeria,2020-01-25,0,0,0
Nigeria,2020-01-26,0,0,0
Nigeria,2020-01-27,0,0,0
Nigeria,2020-01-28,0,0,0
Nigeria,2020-01-29,0,0,0
Nigeria,2020-01-30,0,0,0
Nigeria,2020-01-31,0,0,0
Nigeria,2020-02-01,0,0,0
Nigeria,2020-02-02,0,0,0
Nigeria,2020-02-03,0,0,0
Nigeria,2020-02-04,0,0,0
Nigeria,2020-02-05,0,0,0
Nigeria,2020-02-06,0,0,0
Nigeria,2020-02-07,0,0,0
Nigeria,2020-02-08,0,0,0
Nigeria,2020-02-09,0,0,0
Nigeria,2020-02-10,0,0,0
Nigeria,2020-02-11,0,0,0
Nigeria,2020-02-12,0,0,0
Nigeria,2020-02-13,0,0,0
Nigeria,2020-02-14,0,0,0
Nigeria,2020-02-15,0,0,0
Nigeria,2020-02-16,0,0,0
Nigeria,2020-02-17,0,0,0
Nigeria,2020-02-18,0,0,0
Nigeria,2020-02-19,0,0,0
Nigeria,2020-02-20,0,0,0
Nigeria,2020-02-21,0,0,0
Nigeria,2020-02-22,0,0,0
Nigeria,2020-02-23,0,0,0
Nigeria,2020-02-24,0,0,0
Nigeria,2020-02-25,0,0,0
Nigeria,2020-02-26,0,0,0
Nigeria,2020-02-27,0,0,0
Nigeria,2020-02-28,1,0,0
Nigeria,2020-02-29,2,0,0
North Macedonia,2020-01-22,0,0,0
North Macedonia,2020-01-23,0,0,0
North Macedonia,2020-01-24,0,0,0
North Macedonia,2020-01-25,0,0,0
North Macedonia,2020-01-26,0,0,0
North Macedonia,2020-01-27,0,0,0
North Macedonia,2020-01-28,0,0,0
North Macedonia,2020-01-29,0,0,0
North Macedonia,2020-01-30,0,0,0
North Macedonia,2020-01-31,0,0,0
North Macedonia,2020-02-01,0,0,0
North Macedonia,2020-02-02,0,0,0
North Macedonia,2020-02-03,0,0,0
North Macedonia,2020-02-04,0,0,0
North Macedonia,2020-02-05,0,0,0
North Macedonia,2020-02-06,0,0,0
North Macedonia,2020-02-07,0,0,0
North Macedonia,2020-02-08,0,0,0
North Macedonia,2020-02-09,0,0,0
North Macedonia,2020-02-10,0,0,0
North Macedonia,2020-02-11,0,0,0
North Macedonia,2020-02-12,0,0,0
North Macedonia,2020-02-13,0,0,0
North Macedonia,2020-02-14,0,0,0
North Macedonia,2020-02-15,0,0,0
North Macedonia,2020-02-16,0,0,0
North Macedonia,2020-02-17,0,0,0
North Macedonia,2020-02-18,0,0,0
North Macedonia,2020-02-19,0,0,0
North Macedonia,2020-02-20,0,0,0
North Macedonia,2020-02-21,0,0,0
North Macedonia,2020-02-22,0,0,0
North Macedonia,2020-02-23,0,0,0
North Macedonia,2020-02-24,0,0,0
North Macedonia,2020-02-25,0,0,0
North Macedonia,2020-02-26,1,0,0
North Macedonia,2020-02-27,2,0,0
North Macedonia,2020-02-28,2,0,0
North Macedonia,2020-02-29,2,0,0
Norway,2020-01-22,0,0,0
Norway,2020-01-23,0,0,0
Norway,2020-01-24,0,0,0
Norway,2020-01-25,0,0,0
Norway,2020-01-26,0,0,0
Norway,2020-01-27,0,0,0
Norway,2020-01-28,0,0,0
Norway,2020-01-29,0,0,0
Norway,2020-01-30,0,0,0
Norway,2020-01-31,0,0,0
Norway,2020-02-01,0,0,0
Norway,2020-02-02,0,0,0
Norway,2020-02-03,0,0,0
Norway,2020-02-04,0,0,0
Norway,2020-02-05,0,0,0
Norway,2020-02-06,0,0,0
Norway,2020-02-07,0,0,0
Norway,2020-02-08,0,0,0
Norway,2020-02-09,0,0,0
Norway,2020-02-10,0,0,0
Norway,2020-02-11,0,0,0
Norway,2020-02-12,0,0,0
Norway,2020-02-13,0,0,0
Norway,2020-02-14,0,0,0
Norway,2020-02-15,0,0,0
Norway,2020-02-16,0,0,0
Norway,2020-02-17,0,0,0
Norway,2020-02-18,0,0,0
Norway,2020-02-19,0,0,0
Norway,2020-02-20,0,0,0
Norway,2020-02-21,0,0,0
Norway,2020-02-22,0,0,0
Norway,2020-02-23,0,0,0
Norway,2020-02-24,0,0,0
Norway,2020-02-25,0,0,0
Norway,2020-02-26,1,0,0
Norway,2020-02-27,2,0,0
Norway,2020-02-28,7,0,0
Norway,2020-02-29,21,0,0
Oman,2020-01-22,0,0,0
Oman,2020-01-23,0,0,0
Oman,2020-01-24,0,0,0
Oman,2020-01-25,0,0,0
Oman,2020-01-26,0,0,0
Oman,2020-01-27,0,0,0
Oman,2020-01-28,0,0,0
Oman,2020-01-29,0,0,0
Oman,2020-01-30,0,0,0
Oman,2020-01-31,0,0,0
Oman,2020-02-01,0,0,0
Oman,2020-02-02,0,0,0
Oman,2020-02-03,0,0,0
Oman,2020-02-04,0,0,0
Oman,2020-02-05,0,0,0
Oman,2020-02-06,0,0,0
Oman,2020-02-07,0,0,0
Oman,2020-02-08,0,0,0
Oman,2020-02-09,0,0,0
Oman,2020-02-10,0,0,0
Oman,2020-02-11,0,0,0
Oman,2020-02-12,0,0,0
Oman,2020-02-13,0,0,0
Oman,2020-02-14,0,0,0
Oman,2020-02-15,0,0,0
Oman,2020-02-16,0,0,0
Oman,2020-02-17,0,0,0
Oman,2020-02-18,0,0,0
Oman,2020-02-19,0,0,0
Oman,2020-02-20,0,0,0
Oman,2020-02-21,0,0,0
Oman,2020-02-22,0,0,0
Oman,2020-02-23,0,0,0
Oman,2020-02-24,2,0,0
Oman,2020-02-25,4,0,0
Oman,2020-02-26,6,0,0
Oman,2020-02-27,8,0,0
Oman,2020-02-28,8,0,0
Oman,2020-02-29,10,0,1
Others,2020-01-22,0,0,0
Others,2020-01-23,0,0,0
Others,2020-01-24,0,0,0
Others,2020-01-25,0,0,0
Others,2020-01-26,0,0,0
Others,2020-01-27,0,0,0
Others,2020-01-28,0,0,0
Others,2020-01-29,0,0,0
Others,2020-01-30,0,0,0
Others,2020-01-31,0,0,0
Others,2020-02-01,0,0,0
Others,2020-02-02,0,0,0
Others,2020-02-03,0,0,0
Others,2020-02-04,0,0,0
Others,2020-02-05,0,0,0
Others,2020-02-06,0,0,0
Others,2020-02-07,61,0,0
Others,2020-02-08,122,0,0
Others,2020-02-09,125,0,0
Others,2020-02-10,199,0,0
Others,2020-02-11,270,0,0
Others,2020-02-12,310,0,0
Others,2020-02-13,350,0,0
Others,2020-02-14,393,0,0
Others,2020-02-15,503,0,0
Others,2020-02-16,640,0,0
Others,2020-02-17,809,0,0
Others,2020-02-18,996,0,0
Others,2020-02-19,1163,0,1
Others,2020-02-20,1255,2,2
Others,2020-02-21,1268,4,2
Others,2020-02-22,1268,4,2
Others,2020-02-23,1325,5,1
Others,2020-02-24,1382,6,0
Others,2020-02-25,1382,6,0
Others,2020-02-26,1396,7,10
Others,2020-02-27,1410,8,20
Others,2020-02-28,1410,10,20
Others,2020-02-29,1410,12,20
Pakistan,2020-01-22,0,0,0
Pakistan,2020-01-23,0,0,0
Pakistan,2020-01-24,0,0,0
Pakistan,2020-01-25,0,0,0
Pakistan,2020-01-26,0,0,0
Pakistan,2020-01-27,0,0,0
Pakistan,2020-01-28,0,0,0
Pakistan,2020-01-29,0,0,0
Pakistan,2020-01-30,0,0,0
Pakistan,2020-01-31,0,0,0
Pakistan,2020-02-01,0,0,0
Pakistan,2020-02-02,0,0,0
Pakistan,2020-02-03,0,0,0
Pakistan,2020-02-04,0,0,0
Pakistan,2020-02-05,0,0,0
Pakistan,2020-02-06,0,0,0
Pakistan,2020-02-07,0,0,0
Pakistan,2020-02-08,0,0,0
Pakistan,2020-02-09,0,0,0
Pakistan,2020-02-10,0,0,0
Pakistan,2020-02-11,0,0,0
Pakistan,2020-02-12,0,0,0
Pakistan,2020-02-13,0,0,0
Pakistan,2020-02-14,0,0,0
Pakistan,2020-02-15,0,0,0
Pakistan,2020-02-16,0,0,0
Pakistan,2020-02-17,0,0,0
Pakistan,2020-02-18,0,0,0
Pakistan,2020-02-19,0,0,0
Pakistan,2020-02-20,0,0,0
Pakistan,2020-02-21,0,0,0
Pakistan,2020-02-22,0,0,0
Pakistan,2020-02-23,0,0,0
Pakistan,2020-02-24,0,0,0
Pakistan,2020-02-25,0,0,0
Pakistan,2020-02-26,2,0,0
Pakistan,2020-02-27,4,0,0
Pakistan,2020-02-28,4,0,0
Pakistan,2020-02-29,6,0,0
Philippines,2020-01-22,0,0,0
Philippines,2020-01-23,0,0,0
Philippines,2020-01-24,0,0,0
Philippines,2020-01-25,0,0,0
Philippines,2020-01-26,0,0,0
Philippines,2020-01-27,0,0,0
Philippines,2020-01-28,0,0,0
Philippines,2020-01-29,0,0,0
Philippines,2020-01-30,1,0,0
Philippines,2020-01-31,2,0,0
Philippines,2020-02-01,2,0,0
Philippines,2020-02-02,3,1,0
Philippines,2020-02-03,4,2,0
Philippines,2020-02-04,4,2,0
Philippines,2020-02-05,4,2,0
Philippines,2020-02-06,4,2,0
Philippines,2020-02-07,5,2,0
Philippines,2020-02-08,6,2,0
Philippines,2020-02-09,6,2,0
Philippines,2020-02-10,6,2,0
Philippines,2020-02-11,6,2,0
Philippines,2020-02-12,6,2,1
Philippines,2020-02-13,6,2,2
Philippines,2020-02-14,6,2,2
Philippines,2020-02-15,6,2,2
Philippines,2020-02-16,6,2,2
Philippines,2020-02-17,6,2,2
Philippines,2020-02-18,6,2,2
Philippines,2020-02-19,6,2,2
Philippines,2020-02-20,6,2,2
Philippines,2020-02-21,6,2,2
Philippines,2020-02-22,6,2,2
Philippines,2020-02-23,6,2,2
Philippines,2020-02-24,6,2,2
Philippines,2020-02-25,6,2,2
Philippines,2020-02-26,6,2,2
Philippines,2020-02-27,6,2,2
Philippines,2020-02-28,6,2,2
Philippines,2020-02-29,6,2,2
Qatar,2020-01-22,0,0,0
Qatar,2020-01-23,0,0,0
Qatar,2020-01-24,0,0,0
Qatar,2020-01-25,0,0,0
Qatar,2020-01-26,0,0,0
Qatar,2020-01-27,0,0,0
Qatar,2020-01-28,0,0,0
Qatar,2020-01-29,0,0,0
Qatar,2020-01-30,0,0,0
Qatar,2020-01-31,0,0,0
Qatar,2020-02-01,0,0,0
Qatar,2020-02-02,0,0,0
Qatar,2020-02-03,0,0,0
Qatar,2020-02-04,0,0,0
Qatar,2020-02-05,0,0,0
Qatar,2020-02-06,0,0,0
Qatar,2020-02-07,0,0,0
Qatar,2020-02-08,0,0,0
Qatar,2020-02-09,0,0,0
Qatar,2020-02-10,0,0,0
Qatar,2020-02-11,0,0,0
Qatar,2020-02-12,0,0,0
Qatar,2020-02-13,0,0,0
Qatar,2020-02-14,0,0,0
Qatar,2020-02-15,0,0,0
Qatar,2020-02-16,0,0,0
Qatar,2020-02-17,0,0,0
Qatar,2020-02-18,0,0,0
Qatar,2020-02-19,0,0,0
Qatar,2020-02-20,0,0,0
Qatar,2020-02-21,0,0,0
Qatar,2020-02-22,0,0,0
Qatar,2020-02-23,0,0,0
Qatar,2020-02-24,0,0,0
Qatar,2020-02-25,0,0,0
Qatar,2020-02-26,0,0,0
Qatar,2020-02-27,0,0,0
Qatar,2020-02-28,0,0,0
Qatar,2020-02-29,1,0,0
Romania,2020-01-22,0,0,0
Romania,2020-01-23,0,0,0
Romania,2020-01-24,0,0,0
Romania,2020-01-25,0,0,0
Romania,2020-01-26,0,0,0
Romania,2020-01-27,0,0,0
Romania,2020-01-28,0,0,0
Romania,2020-01-29,0,0,0
Romania,2020-01-30,0,0,0
Romania,2020-01-31,0,0,0
Romania,2020-02-01,0,0,0
Romania,2020-02-02,0,0,0
Romania,2020-02-03,0,0,0
Romania,2020-02-04,0,0,0
Romania,2020-02-05,0,0,0
Romania,2020-02-06,0,0,0
Romania,2020-02-07,0,0,0
Romania,2020-02-08,0,0,0
Romania,2020-02-09,0,0,0
Romania,2020-02-10,0,0,0
Romania,2020-02-11,0,0,0
Romania,2020-02-12,0,0,0
Romania,2020-02-13,0,0,0
Romania,2020-02-14,0,0,0
Romania,2020-02-15,0,0,0
Romania,2020-02-16,0,0,0
Romania,2020-02-17,0,0,0
Romania,2020-02-18,0,0,0
Romania,2020-02-19,0,0,0
Romania,2020-02-20,0,0,0
Romania,2020-02-21,0,0,0
Romania,2020-02-22,0,0,0
Romania,2020-02-23,0,0,0
Romania,2020-02-24,0,0,0
Romania,2020-02-25,0,0,0
Romania,2020-02-26,1,0,0
Romania,2020-02-27,2,0,0
Romania,2020-02-28,4,0,0
Romania,2020-02-29,6,0,0
Russia,2020-01-22,0,0,0
Russia,2020-01-23,0,0,0
Russia,2020-01-24,0,0,0
Russia,2020-01-25,0,0,0
Russia,2020-01-26,0,0,0
Russia,2020-01-27,0,0,0
Russia,2020-01-28,0,0,0
Russia,2020-01-29,0,0,0
Russia,2020-01-30,0,0,0
Russia,2020-01-31,2,0,0
Russia,2020-02-01,4,0,0
Russia,2020-02-02,4,0,0
Russia,2020-02-03,4,0,0
Russia,2020-02-04,4,0,0
Russia,2020-02-05,4,0,0
Russia,2020-02-06,4,0,0
Russia,2020-02-07,4,0,0
Russia,2020-02-08,4,0,0
Russia,2020-02-09,4,0,0
Russia,2020-02-10,4,0,0
Russia,2020-02-11,4,0,0
Russia,2020-02-12,4,0,2
Russia,2020-02-13,4,0,4
Russia,2020-02-14,4,0,4
Russia,2020-02-15,4,0,4
Russia,2020-02-16,4,0,4
Russia,2020-02-17,4,0,4
Russia,2020-02-18,4,0,4
Russia,2020-02-19,4,0,4
Russia,2020-02-20,4,0,4
Russia,2020-02-21,4,0,4
Russia,2020-02-22,4,0,4
Russia,2020-02-23,4,0,4
Russia,2020-02-24,4,0,4
Russia,2020-02-25,4,0,4
Russia,2020-02-26,4,0,4
Russia,2020-02-27,4,0,4
Russia,2020-02-28,4,0,4
Russia,2020-02-29,4,0,4
San Marino,2020-01-22,0,0,0
San Marino,2020-01-23,0,0,0
San Marino,2020-01-24,0,0,0
San Marino,2020-01-25,0,0,0
San Marino,2020-01-26,0,0,0
San Marino,2020-01-27,0,0,0
San Marino,2020-01-28,0,0,0
San Marino,2020-01-29,0,0,0
San Marino,2020-01-30,0,0,0
San Marino,2020-01-31,0,0,0
San Marino,2020-02-01,0,0,0
San Marino,2020-02-02,0,0,0
San Marino,2020-02-03,0,0,0
San Marino,2020-02-04,0,0,0
San Marino,2020-02-05,0,0,0
San Marino,2020-02-06,0,0,0
San Marino,2020-02-07,0,0,0
San Marino,2020-02-08,0,0,0
San Marino,2020-02-09,0,0,0
San Marino,2020-02-10,0,0,0
San Marino,2020-02-11,0,0,0
San Marino,2020-02-12,0,0,0
San Marino,2020-02-13,0,0,0
San Marino,2020-02-14,0,0,0
San Marino,2020-02-15,0,0,0
San Marino,2020-02-16,0,0,0
San Marino,2020-02-17,0,0,0
San Marino,2020-02-18,0,0,0
San Marino,2020-02-19,0,0,0
San Marino,2020-02-20,0,0,0
San Marino,2020-02-21,0,0,0
San Marino,2020-02-22,0,0,0
San Marino,2020-02-23,0,0,0
San Marino,2020-02-24,0,0,0
San Marino,2020-02-25,0,0,0
San Marino,2020-02-26,0,0,0
San Marino,2020-02-27,1,0,0
San Marino,2020-02-28,2,0,0
San Marino,2020-02-29,2,0,0
Singapore,2020-01-22,0,0,0
Singapore,2020-01-23,1,0,0
Singapore,2020-01-24,4,0,0
Singapore,2020-01-25,6,0,0
Singapore,2020-01-26,7,0,0
Singapore,2020-01-27,9,0,0
Singapore,2020-01-28,12,0,0
Singapore,2020-01-29,14,0,0
Singapore,2020-01-30,17,0,0
Singapore,2020-01-31,23,0,0
Singapore,2020-02-01,29,0,0
Singapore,2020-02-02,34,0,0
Singapore,2020-02-03,36,0,0
Singapore,2020-02-04,42,0,0
Singapore,2020-02-05,52,0,0
Singapore,2020-02-06,56,0,0
Singapore,2020-02-07,58,0,0
Singapore,2020-02-08,63,0,2
Singapore,2020-02-09,73,0,4
Singapore,2020-02-10,85,0,4
Singapore,2020-02-11,92,0,11
Singapore,2020-02-12,97,0,24
Singapore,2020-02-13,108,0,30
Singapore,2020-02-14,125,0,32
Singapore,2020-02-15,139,0,35
Singapore,2020-02-16,147,0,36
Singapore,2020-02-17,152,0,42
Singapore,2020-02-18,158,0,53
Singapore,2020-02-19,165,0,63
Singapore,2020-02-20,168,0,68
Singapore,2020-02-21,169,0,71
Singapore,2020-02-22,170,0,74
Singapore,2020-02-23,174,0,88
Singapore,2020-02-24,178,0,102
Singapore,2020-02-25,180,0,104
Singapore,2020-02-26,184,0,115
Singapore,2020-02-27,186,0,124
Singapore,2020-02-28,186,0,124
Singapore,2020-02-29,195,0,134
South Korea,2020-01-22,1,0,0
South Korea,2020-01-23,2,0,0
South Korea,2020-01-24,3,0,0
South Korea,2020-01-25,4,0,0
South Korea,2020-01-26,5,0,0
South Korea,2020-01-27,7,0,0
South Korea,2020-01-28,8,0,0
South Korea,2020-01-29,8,0,0
South Korea,2020-01-30,8,0,0
South Korea,2020-01-31,15,0,0
South Korea,2020-02-01,23,0,0
South Korea,2020-02-02,27,0,0
South Korea,2020-02-03,30,0,0
South Korea,2020-02-04,31,0,0
South Korea,2020-02-05,35,0,0
South Korea,2020-02-06,42,0,0
South Korea,2020-02-07,47,0,1
South Korea,2020-02-08,48,0,2
South Korea,2020-02-09,49,0,4
South Korea,2020-02-10,52,0,6
South Korea,2020-02-11,55,0,6
South Korea,2020-02-12,56,0,10
South Korea,2020-02-13,56,0,14
South Korea,2020-02-14,56,0,14
South Korea,2020-02-15,56,0,16
South Korea,2020-02-16,57,0,18
South Korea,2020-02-17,59,0,19
South Korea,2020-02-18,61,0,22
South Korea,2020-02-19,62,0,24
South Korea,2020-02-20,135,1,28
South Korea,2020-02-21,308,3,32
South Korea,2020-02-22,637,4,32
South Korea,2020-02-23,1035,8,34
South Korea,2020-02-24,1435,14,36
South Korea,2020-02-25,1810,18,40
South Korea,2020-02-26,2238,22,44
South Korea,2020-02-27,3027,25,44
South Korea,2020-02-28,4103,26,44
South Korea,2020-02-29,5487,29,49
Spain,2020-01-22,0,0,0
Spain,2020-01-23,0,0,0
Spain,2020-01-24,0,0,0
Spain,2020-01-25,0,0,0
Spain,2020-01-26,0,0,0
Spain,2020-01-27,0,0,0
Spain,2020-01-28,0,0,0
Spain,2020-01-29,0,0,0
Spain,2020-01-30,0,0,0
Spain,2020-01-31,0,0,0
Spain,2020-02-01,1,0,0
Spain,2020-02-02,2,0,0
Spain,2020-02-03,2,0,0
Spain,2020-02-04,2,0,0
Spain,2020-02-05,2,0,0
Spain,2020-02-06,2,0,0
Spain,2020-02-07,2,0,0
Spain,2020-02-08,2,0,0
Spain,2020-02-09,3,0,0
Spain,2020-02-10,4,0,0
Spain,2020-02-11,4,0,0
Spain,2020-02-12,4,0,0
Spain,2020-02-13,4,0,0
Spain,2020-02-14,4,0,0
Spain,2020-02-15,4,0,2
Spain,2020-02-16,4,0,4
Spain,2020-02-17,4,0,4
Spain,2020-02-18,4,0,4
Spain,2020-02-19,4,0,4
Spain,2020-02-20,4,0,4
Spain,2020-02-21,4,0,4
Spain,2020-02-22,4,0,4
Spain,2020-02-23,4,0,4
Spain,2020-02-24,4,0,4
Spain,2020-02-25,8,0,4
Spain,2020-02-26,19,0,4
Spain,2020-02-27,28,0,4
Spain,2020-02-28,47,0,4
Spain,2020-02-29,77,0,4
Sri Lanka,2020-01-22,0,0,0
Sri Lanka,2020-01-23,0,0,0
Sri Lanka,2020-01-24,0,0,0
Sri Lanka,2020-01-25,0,0,0
Sri Lanka,2020-01-26,0,0,0
Sri Lanka,2020-01-27,1,0,0
Sri Lanka,2020-01-28,2,0,0
Sri Lanka,2020-01-29,2,0,0
Sri Lanka,2020-01-30,2,0,0
Sri Lanka,2020-01-31,2,0,0
Sri Lanka,2020-02-01,2,0,0
Sri Lanka,2020-02-02,2,0,0
Sri Lanka,2020-02-03,2,0,0
Sri Lanka,2020-02-04,2,0,0
Sri Lanka,2020-02-05,2,0,0
Sri Lanka,2020-02-06,2,0,0
Sri Lanka,2020-02-07,2,0,0
Sri Lanka,2020-02-08,2,0,1
Sri Lanka,2020-02-09,2,0,2
Sri Lanka,2020-02-10,2,0,2
Sri Lanka,2020-02-11,2,0,2
Sri Lanka,2020-02-12,2,0,2
Sri Lanka,2020-02-13,2,0,2
Sri Lanka,2020-02-14,2,0,2
Sri Lanka,2020-02-15,2,0,2
Sri Lanka,2020-02-16,2,0,2
Sri Lanka,2020-02-17,2,0,2
Sri Lanka,2020-02-18,2,0,2
Sri Lanka,2020-02-19,2,0,2
Sri Lanka,2020-02-20,2,0,2
Sri Lanka,2020-02-21,2,0,2
Sri Lanka,2020-02-22,2,0,2
Sri Lanka,2020-02-23,2,0,2
Sri Lanka,2020-02-24,2,0,2
Sri Lanka,2020-02-25,2,0,2
Sri Lanka,2020-02-26,2,0,2
Sri Lanka,2020-02-27,2,0,2
Sri Lanka,2020-02-28,2,0,2
Sri Lanka,2020-02-29,2,0,2
Sweden,2020-01-22,0,0,0
Sweden,2020-01-23,0,0,0
Sweden,2020-01-24,0,0,0
Sweden,2020-01-25,0,0,0
Sweden,2020-01-26,0,0,0
Sweden,2020-01-27,0,0,0
Sweden,2020-01-28,0,0,0
Sweden,2020-01-29,0,0,0
Sweden,2020-01-30,0,0,0
Sweden,2020-01-31,1,0,0
Sweden,2020-02-01,2,0,0
Sweden,2020-02-02,2,0,0
Sweden,2020-02-03,2,0,0
Sweden,2020-02-04,2,0,0
Sweden,2020-02-05,2,0,0
Sweden,2020-02-06,2,0,0
Sweden,2020-02-07,2,0,0
Sweden,2020-02-08,2,0,0
Sweden,2020-02-09,2,0,0
Sweden,2020-02-10,2,0,0
Sweden,2020-02-11,2,0,0
Sweden,2020-02-12,2,0,0
Sweden,2020-02-13,2,0,0
Sweden,2020-02-14,2,0,0
Sweden,2020-02-15,2,0,0
Sweden,2020-02-16,2,0,0
Sweden,2020-02-17,2,0,0
Sweden,2020-02-18,2,0,0
Sweden,2020-02-19,2,0,0
Sweden,2020-02-20,2,0,0
Sweden,2020-02-21,2,0,0
Sweden,2020-02-22,2,0,0
Sweden,2020-02-23,2,0,0
Sweden,2020-02-24,2,0,0
Sweden,2020-02-25,2,0,0
Sweden,2020-02-26,3,0,0
Sweden,2020-02-27,9,0,0
Sweden,2020-02-28,14,0,0
Sweden,2020-02-29,19,0,0
Switzerland,2020-01-22,0,0,0
Switzerland,2020-01-23,0,0,0
Switzerland,2020-01-24,0,0,0
Switzerland,2020-01-25,0,0,0
Switzerland,2020-01-26,0,0,0
Switzerland,2020-01-27,0,0,0
Switzerland,2020-01-28,0,0,0
Switzerland,2020-01-29,0,0,0
Switzerland,2020-01-30,0,0,0
Switzerland,2020-01-31,0,0,0
Switzerland,2020-02-01,0,0,0
Switzerland,2020-02-02,0,0,0
Switzerland,2020-02-03,0,0,0
Switzerland,2020-02-04,0,0,0
Switzerland,2020-02-05,0,0,0
Switzerland,2020-02-06,0,0,0
Switzerland,2020-02-07,0,0,0
Switzerland,2020-02-08,0,0,0
Switzerland,2020-02-09,0,0,0
Switzerland,2020-02-10,0,0,0
Switzerland,2020-02-11,0,0,0
Switzerland,2020-02-12,0,0,0
Switzerland,2020-02-13,0,0,0
Switzerland,2020-02-14,0,0,0
Switzerland,2020-02-15,0,0,0
Switzerland,2020-02-16,0,0,0
Switzerland,2020-02-17,0,0,0
Switzerland,2020-02-18,0,0,0
Switzerland,2020-02-19,0,0,0
Switzerland,2020-02-20,0,0,0
Switzerland,2020-02-21,0,0,0
Switzerland,2020-02-22,0,0,0
Switzerland,2020-02-23,0,0,0
Switzerland,2020-02-24,0,0,0
Switzerland,2020-02-25,1,0,0
Switzerland,2020-02-26,2,0,0
Switzerland,2020-02-27,9,0,0
Switzerland,2020-02-28,16,0,0
Switzerland,2020-02-29,26,0,0
Taiwan,2020-01-22,1,0,0
Taiwan,2020-01-23,2,0,0
Taiwan,2020-01-24,4,0,0
Taiwan,2020-01-25,6,0,0
Taiwan,2020-01-26,7,0,0
Taiwan,2020-01-27,9,0,0
Taiwan,2020-01-28,13,0,0
Taiwan,2020-01-29,16,0,0
Taiwan,2020-01-30,17,0,0
Taiwan,2020-01-31,19,0,0
Taiwan,2020-02-01,20,0,0
Taiwan,2020-02-02,20,0,0
Taiwan,2020-02-03,20,0,0
Taiwan,2020-02-04,21,0,0
Taiwan,2020-02-05,22,0,0
Taiwan,2020-02-06,27,0,1
Taiwan,2020-02-07,32,0,2
Taiwan,2020-02-08,33,0,2
Taiwan,2020-02-09,35,0,2
Taiwan,2020-02-10,36,0,2
Taiwan,2020-02-11,36,0,2
Taiwan,2020-02-12,36,0,2
Taiwan,2020-02-13,36,0,2
Taiwan,2020-02-14,36,0,3
Taiwan,2020-02-15,36,0,4
Taiwan,2020-02-16,38,1,4
Taiwan,2020-02-17,42,2,4
Taiwan,2020-02-18,44,2,4
Taiwan,2020-02-19,45,2,4
Taiwan,2020-02-20,47,2,4
Taiwan,2020-02-21,50,2,4
Taiwan,2020-02-22,52,2,4
Taiwan,2020-02-23,54,2,4
Taiwan,2020-02-24,58,2,7
Taiwan,2020-02-25,61,2,10
Taiwan,2020-02-26,63,2,10
Taiwan,2020-02-27,64,2,10
Taiwan,2020-02-28,66,2,11
Taiwan,2020-02-29,73,2,15
Thailand,2020-01-22,2,0,0
Thailand,2020-01-23,5,0,0
Thailand,2020-01-24,8,0,0
Thailand,2020-01-25,12,0,0
Thailand,2020-01-26,15,0,2
Thailand,2020-01-27,16,0,4
Thailand,2020-01-28,22,0,7
Thailand,2020-01-29,28,0,10
Thailand,2020-01-30,28,0,10
Thailand,2020-01-31,33,0,10
Thailand,2020-02-01,38,0,10
Thailand,2020-02-02,38,0,10
Thailand,2020-02-03,38,0,10
Thailand,2020-02-04,44,0,10
Thailand,2020-02-05,50,0,10
Thailand,2020-02-06,50,0,10
Thailand,2020-02-07,50,0,10
Thailand,2020-02-08,57,0,15
Thailand,2020-02-09,64,0,20
Thailand,2020-02-10,64,0,20
Thailand,2020-02-11,65,0,20
Thailand,2020-02-12,66,0,20
Thailand,2020-02-13,66,0,22
Thailand,2020-02-14,66,0,24
Thailand,2020-02-15,66,0,24
Thailand,2020-02-16,67,0,26
Thailand,2020-02-17,69,0,29
Thailand,2020-02-18,70,0,30
Thailand,2020-02-19,70,0,30
Thailand,2020-02-20,70,0,30
Thailand,2020-02-21,70,0,32
Thailand,2020-02-22,70,0,34
Thailand,2020-02-23,70,0,38
Thailand,2020-02-24,70,0,42
Thailand,2020-02-25,72,0,43
Thailand,2020-02-26,77,0,44
Thailand,2020-02-27,80,0,44
Thailand,2020-02-28,81,0,50
Thailand,2020-02-29,83,0,56
UK,2020-01-22,0,0,0
UK,2020-01-23,0,0,0
UK,2020-01-24,0,0,0
UK,2020-01-25,0,0,0
UK,2020-01-26,0,0,0
UK,2020-01-27,0,0,0
UK,2020-01-28,0,0,0
UK,2020-01-29,0,0,0
UK,2020-01-30,0,0,0
UK,2020-01-31,2,0,0
UK,2020-02-01,4,0,0
UK,2020-02-02,4,0,0
UK,2020-02-03,4,0,0
UK,2020-02-04,4,0,0
UK,2020-02-05,4,0,0
UK,2020-02-06,4,0,0
UK,2020-02-07,5,0,0
UK,2020-02-08,6,0,0
UK,2020-02-09,6,0,0
UK,2020-02-10,11,0,0
UK,2020-02-11,16,0,0
UK,2020-02-12,17,0,1
UK,2020-02-13,18,0,2
UK,2020-02-14,18,0,2
UK,2020-02-15,18,0,2
UK,2020-02-16,18,0,9
UK,2020-02-17,18,0,16
UK,2020-02-18,18,0,16
UK,2020-02-19,18,0,16
UK,2020-02-20,18,0,16
UK,2020-02-21,18,0,16
UK,2020-02-22,18,0,16
UK,2020-02-23,18,0,16
UK,2020-02-24,22,0,16
UK,2020-02-25,26,0,16
UK,2020-02-26,26,0,16
UK,2020-02-27,28,0,16
UK,2020-02-28,35,0,16
UK,2020-02-29,43,0,16
United Arab Emirates,2020-01-22,0,0,0
United Arab Emirates,2020-01-23,0,0,0
United Arab Emirates,2020-01-24,0,0,0
United Arab Emirates,2020-01-25,0,0,0
United Arab Emirates,2020-01-26,0,0,0
United Arab Emirates,2020-01-27,0,0,0
United Arab Emirates,2020-01-28,0,0,0
United Arab Emirates,2020-01-29,4,0,0
United Arab Emirates,2020-01-30,8,0,0
United Arab Emirates,2020-01-31,8,0,0
United Arab Emirates,2020-02-01,8,0,0
United Arab Emirates,2020-02-02,9,0,0
United Arab Emirates,2020-02-03,10,0,0
United Arab Emirates,2020-02-04,10,0,0
United Arab Emirates,2020-02-05,10,0,0
United Arab Emirates,2020-02-06,10,0,0
United Arab Emirates,2020-02-07,10,0,0
United Arab Emirates,2020-02-08,12,0,0
United Arab Emirates,2020-02-09,14,0,0
United Arab Emirates,2020-02-10,15,0,0
United Arab Emirates,2020-02-11,16,0,0
United Arab Emirates,2020-02-12,16,0,1
United Arab Emirates,2020-02-13,16,0,2
United Arab Emirates,2020-02-14,16,0,2
United Arab Emirates,2020-02-15,16,0,4
United Arab Emirates,2020-02-16,17,0,7
United Arab Emirates,2020-02-17,18,0,8
United Arab Emirates,2020-02-18,18,0,8
United Arab Emirates,2020-02-19,18,0,8
United Arab Emirates,2020-02-20,18,0,8
United Arab Emirates,2020-02-21,18,0,8
United Arab Emirates,2020-02-22,22,0,8
United Arab Emirates,2020-02-23,26,0,8
United Arab Emirates,2020-02-24,26,0,8
United Arab Emirates,2020-02-25,26,0,8
United Arab Emirates,2020-02-26,26,0,8
United Arab Emirates,2020-02-27,26,0,8
United Arab Emirates,2020-02-28,32,0,9
United Arab Emirates,2020-02-29,40,0,10
US,2020-01-22,1,0,0
US,2020-01-23,2,0,0
US,2020-01-24,3,0,0
US,2020-01-25,4,0,0
US,2020-01-26,7,0,0
US,2020-01-27,10,0,0
US,2020-01-28,10,0,0
US,2020-01-29,10,0,0
US,2020-01-30,10,0,0
US,2020-01-31,12,0,0
US,2020-02-01,15,0,0
US,2020-02-02,16,0,0
US,2020-02-03,19,0,0
US,2020-02-04,22,0,0
US,2020-02-05,23,0,0
US,2020-02-06,24,0,0
US,2020-02-07,24,0,0
US,2020-02-08,24,0,0
US,2020-02-09,24,0,3
US,2020-02-10,24,0,6
US,2020-02-11,25,0,6
US,2020-02-12,26,0,6
US,2020-02-13,28,0,6
US,2020-02-14,30,0,6
US,2020-02-15,30,0,6
US,2020-02-16,30,0,6
US,2020-02-17,30,0,6
US,2020-02-18,30,0,6
US,2020-02-19,30,0,6
US,2020-02-20,30,0,6
US,2020-02-21,50,0,8
US,2020-02-22,70,0,10
US,2020-02-23,70,0,10
US,2020-02-24,88,0,10
US,2020-02-25,106,0,11
US,2020-02-26,112,0,12
US,2020-02-27,119,0,12
US,2020-02-28,122,0,13
US,2020-02-29,132,1,14
Vietnam,2020-01-22,0,0,0
Vietnam,2020-01-23,2,0,0
Vietnam,2020-01-24,4,0,0
Vietnam,2020-01-25,4,0,0
Vietnam,2020-01-26,4,0,0
Vietnam,2020-01-27,4,0,0
Vietnam,2020-01-28,4,0,0
Vietnam,2020-01-29,4,0,0
Vietnam,2020-01-30,4,0,0
Vietnam,2020-01-31,4,0,0
Vietnam,2020-02-01,8,0,1
Vietnam,2020-02-02,12,0,2
Vietnam,2020-02-03,14,0,2
Vietnam,2020-02-04,16,0,2
Vietnam,2020-02-05,16,0,2
Vietnam,2020-02-06,18,0,2
Vietnam,2020-02-07,20,0,2
Vietnam,2020-02-08,23,0,2
Vietnam,2020-02-09,26,0,2
Vietnam,2020-02-10,27,0,2
Vietnam,2020-02-11,29,0,7
Vietnam,2020-02-12,30,0,12
Vietnam,2020-02-13,31,0,13
Vietnam,2020-02-14,32,0,14
Vietnam,2020-02-15,32,0,14
Vietnam,2020-02-16,32,0,14
Vietnam,2020-02-17,32,0,14
Vietnam,2020-02-18,32,0,14
Vietnam,2020-02-19,32,0,14
Vietnam,2020-02-20,32,0,14
Vietnam,2020-02-21,32,0,21
Vietnam,2020-02-22,32,0,28
Vietnam,2020-02-23,32,0,28
Vietnam,2020-02-24,32,0,28
Vietnam,2020-02-25,32,0,30
Vietnam,2020-02-26,32,0,32
Vietnam,2020-02-27,32,0,32
Vietnam,2020-02-28,32,0,32
Vietnam,2020-02-29,32,0,32
